SpecimenID,Species,Treatment,Number,StartDate,EndDate,Duration,Inoculant,InitialDryWeight,PostInoculationWeight,PostInnocDryWeight,PostExtractionWeight,ImpregnatedOilWeight,Retention.kg.m3,WoodWeight,RemainingOilWeight.g,EndWeightMinusWoodWeight,OilRemainingPerc,MCPostInoculation,RelativeMassLoss,OilExtract.g,OilExtract_rel,OilContent ,PetriDish
B-DM-MB-1,B,DM,1,13/07/2016,02/11/2016,16,pl,1.6776,2.1112,1.5016,1.1203,0.648,432,1.0296,0.472,0.0907,0.73,0.41,0.1,0.38,0.25,0.34,plo1
B-DM-MB-10,B,DM,10,13/07/2016,02/11/2016,16,tv,1.6966,2.1996,1.4532,1.1034,0.681,454,1.0156,0.4376,0.0878,0.64,0.51,0.14,0.35,0.24,0.32,plo2
B-DM-MB-11,B,DM,11,13/07/2016,02/11/2016,16,tv,1.6703,2.1793,1.4813,1.0812,0.697,465,0.9733,0.508,0.1079,0.73,0.47,0.11,0.4,0.27,0.37,plo3
B-DM-MB-12,B,DM,12,13/07/2016,02/11/2016,16,tv,1.6715,2.1049,1.5152,1.1111,0.654,436,1.0175,0.4977,0.0936,0.76,0.39,0.09,0.4,0.27,0.36,plo4
B-DM-MB-13,B,DM,13,13/07/2016,02/11/2016,16,tv,1.6945,2.12,1.4805,1.0773,0.673,449,1.0215,0.459,0.0558,0.68,0.43,0.13,0.4,0.27,0.37,plo5
B-DM-MB-14,B,DM,14,13/07/2016,02/11/2016,16,tv,1.6578,2.1165,1.4771,1.086,0.657,438,1.0008,0.4763,0.0852,0.72,0.43,0.11,0.39,0.26,0.36,plo6
B-DM-MB-15,B,DM,15,13/07/2016,02/11/2016,16,tv,1.6721,1.7857,1.3309,1.1771,0.668,445,1.0041,0.3268,0.173,0.49,0.34,0.2,0.15,0.12,0.13,plo7
B-DM-MB-16,B,DM,16,13/07/2016,02/11/2016,16,tv,1.6697,2.1595,1.4747,1.1022,0.662,441,1.0077,0.467,0.0945,0.71,0.46,0.12,0.37,0.25,0.34,plo8
B-DM-MB-17,B,DM,17,28/07/2016,17/11/2016,16,pl,1.5506,2.0535,1.4515,1.1092,0.635,423,0.9156,0.5359,0.1936,0.84,0.41,0.06,0.34,0.24,0.31,tv1
B-DM-MB-18,B,DM,18,28/07/2016,17/11/2016,16,pl,1.6728,2.1836,1.4485,1.0881,0.677,451,0.9958,0.4527,0.0923,0.67,0.51,0.13,0.36,0.25,0.33,tv2
B-DM-MB-19,B,DM,19,28/07/2016,17/11/2016,16,tv,1.6619,2.1545,1.466,1.0896,0.67,447,0.9919,0.4741,0.0977,0.71,0.47,0.12,0.38,0.26,0.35,tv3
B-DM-MB-2,B,DM,2,13/07/2016,02/11/2016,16,pl,1.6543,2.0619,1.4686,1.0581,0.702,468,0.9523,0.5163,0.1058,0.74,0.4,0.11,0.41,0.28,0.39,tv4
B-DM-MB-20,B,DM,20,28/07/2016,17/11/2016,16,tv,1.6144,2.085,1.4578,1.0709,0.636,424,0.9784,0.4794,0.0925,0.75,0.43,0.1,0.39,0.27,0.36,tv5
B-DM-MB-21,B,DM,21,29/07/2016,23/09/2016,8,tv,1.71,2.0388,1.6143,1.0524,0.674,449,1.036,0.5783,0.0164,0.86,0.26,0.06,0.56,0.35,0.53,tv6
B-DM-MB-22,B,DM,22,29/07/2016,23/09/2016,8,tv,1.6338,1.9538,1.5294,1.0313,0.628,419,1.0058,0.5236,0.0255,0.83,0.28,0.06,0.5,0.33,0.48,tv7
B-DM-MB-23,B,DM,23,29/07/2016,23/09/2016,8,pl,1.7173,2.0337,1.6893,1.0969,0.635,423,1.0823,0.607,0.0146,0.96,0.2,0.02,0.59,0.35,0.54,tv8
B-DM-MB-24,B,DM,24,29/07/2016,23/09/2016,8,pl,1.7285,2.0478,1.6259,1.0439,0.702,468,1.0265,0.5994,0.0174,0.85,0.26,0.06,0.58,0.36,0.56,plo9
B-DM-MB-25,B,DM,25,04/08/2016,29/09/2016,8,pl,1.7293,2.0841,1.5667,1.0764,0.676,451,1.0533,0.5134,0.0231,0.76,0.33,0.09,0.49,0.31,0.46,plo10
B-DM-MB-26,B,DM,26,04/08/2016,29/09/2016,8,pl,1.7137,2.1654,1.56,1.0919,0.674,449,1.0397,0.5203,0.0522,0.77,0.39,0.09,0.47,0.3,0.43,tv9
B-DM-MB-27,B,DM,27,04/08/2016,29/09/2016,8,pl,1.5851,1.9546,1.4585,0.9877,0.635,423,0.9501,0.5084,0.0376,0.8,0.34,0.08,0.47,0.32,0.48,tv10
B-DM-MB-28,B,DM,28,04/08/2016,29/09/2016,8,pl,1.6101,2.0313,1.4697,1.0436,0.602,401,1.0081,0.4616,0.0355,0.77,0.38,0.09,0.43,0.29,0.41,tv11
B-DM-MB-29,B,DM,29,04/08/2016,29/09/2016,8,pl,1.6792,2.0884,1.5775,1.0798,0.672,448,1.0072,0.5703,0.0726,0.85,0.32,0.06,0.5,0.32,0.46,tv12
B-DM-MB-3,B,DM,3,13/07/2016,02/11/2016,16,pl,1.6162,2.0028,1.4669,1.1078,0.632,421,0.9842,0.4827,0.1236,0.76,0.37,0.09,0.36,0.24,0.32,plo11
B-DM-MB-30,B,DM,30,04/08/2016,29/09/2016,8,pl,1.6243,2.0613,1.5395,1.0468,0.614,409,1.0103,0.5292,0.0365,0.86,0.34,0.05,0.49,0.32,0.47,plo12
B-DM-MB-31,B,DM,31,04/08/2016,29/09/2016,8,pl,1.7029,2.1486,1.5973,1.0518,0.707,471,0.9959,0.6014,0.0559,0.85,0.35,0.06,0.55,0.34,0.52,plo13
B-DM-MB-32,B,DM,32,04/08/2016,29/09/2016,8,pl,1.7115,2.1377,1.5818,1.0477,0.706,471,1.0055,0.5763,0.0422,0.82,0.35,0.08,0.53,0.34,0.51,plo14
B-DM-MB-33,B,DM,33,04/08/2016,29/09/2016,8,tv,1.727,2.1848,1.5385,1.0867,0.676,451,1.051,0.4875,0.0357,0.72,0.42,0.11,0.45,0.29,0.42,plo15
B-DM-MB-34,B,DM,34,04/08/2016,29/09/2016,8,tv,1.7166,2.1716,1.5235,1.0824,0.664,443,1.0526,0.4709,0.0298,0.71,0.43,0.11,0.44,0.29,0.41,plo16
B-DM-MB-35,B,DM,35,04/08/2016,29/09/2016,8,tv,1.7139,2.1718,1.6178,1.1594,0.607,405,1.1069,0.5109,0.0525,0.84,0.34,0.06,0.46,0.28,0.4,plo17
B-DM-MB-36,B,DM,36,04/08/2016,29/09/2016,8,tv,1.7267,2.1694,1.5205,1.0893,0.685,457,1.0417,0.4788,0.0476,0.7,0.43,0.12,0.43,0.28,0.4,plo18
B-DM-MB-37,B,DM,37,04/08/2016,29/09/2016,8,tv,1.7372,2.1615,1.5698,1.0932,0.687,458,1.0502,0.5196,0.043,0.76,0.38,0.1,0.48,0.3,0.44,plo19
B-DM-MB-38,B,DM,38,29/08/2016,24/10/2016,8,tv,1.723,2.1823,1.5238,1.06,0.696,464,1.027,0.4968,0.033,0.71,0.43,0.12,0.46,0.3,0.44,plo20
B-DM-MB-39,B,DM,39,29/08/2016,24/10/2016,8,tv,1.7253,2.1697,1.5169,1.0794,0.677,451,1.0483,0.4686,0.0311,0.69,0.43,0.12,0.44,0.29,0.41,tv13
B-DM-MB-4,B,DM,4,13/07/2016,02/11/2016,16,pl,1.6965,2.1368,1.4942,1.0685,0.712,475,0.9845,0.5097,0.084,0.72,0.43,0.12,0.43,0.28,0.4,tv14
B-DM-MB-40,B,DM,40,29/08/2016,24/10/2016,8,tv,1.7278,2.1516,1.4563,1.0434,0.714,476,1.0138,0.4425,0.0296,0.62,0.48,0.16,0.41,0.28,0.4,tv15
B-DM-MB-5,B,DM,5,13/07/2016,02/11/2016,16,pl,1.6761,2.0886,1.4999,1.095,0.658,439,1.0181,0.4818,0.0769,0.73,0.39,0.11,0.4,0.27,0.37,tv16
B-DM-MB-6,B,DM,6,13/07/2016,02/11/2016,16,pl,1.6856,2.1696,1.5707,1.1072,0.673,449,1.0126,0.5581,0.0946,0.83,0.38,0.07,0.46,0.3,0.42,tv17
B-DM-MB-7,B,DM,7,13/07/2016,02/11/2016,16,pl,1.7072,2.1999,1.5536,1.1542,0.665,443,1.0422,0.5114,0.112,0.77,0.42,0.09,0.4,0.26,0.35,tv18
B-DM-MB-8,B,DM,8,13/07/2016,02/11/2016,16,pl,1.6566,2.1348,1.5076,1.0602,0.704,469,0.9526,0.555,0.1076,0.79,0.42,0.09,0.45,0.3,0.42,tv19
B-DM-MB-9,B,DM,9,13/07/2016,02/11/2016,16,tv,1.7031,2.192,1.4635,1.0919,0.691,461,1.0121,0.4514,0.0798,0.65,0.5,0.14,0.37,0.25,0.34,tv20
B-GM-MB-1,B,GM,41,13/07/2016,02/11/2016,16,pl,1.651,2.1214,1.2635,1.1077,0.645,430,1.006,0.2575,0.1017,0.4,0.68,0.23,0.16,0.12,0.14,plo1
B-GM-MB-10,B,GM,50,13/07/2016,02/11/2016,16,tv,1.6994,2.2119,1.1934,1.0707,0.709,473,0.9904,0.203,0.0803,0.29,0.85,0.3,0.12,0.1,0.11,plo2
B-GM-MB-11,B,GM,51,13/07/2016,02/11/2016,16,tv,1.7179,2.2332,1.2288,1.0908,0.691,461,1.0269,0.2019,0.0639,0.29,0.82,0.28,0.14,0.11,0.13,plo3
B-GM-MB-12,B,GM,52,13/07/2016,02/11/2016,16,tv,1.6671,2.1205,1.1923,1.0338,0.726,484,0.9411,0.2512,0.0927,0.35,0.78,0.28,0.16,0.13,0.15,plo4
B-GM-MB-13,B,GM,53,13/07/2016,02/11/2016,16,tv,1.6828,2.1195,1.176,1.0511,0.684,456,0.9988,0.1772,0.0523,0.26,0.8,0.3,0.12,0.11,0.12,plo5
B-GM-MB-14,B,GM,54,13/07/2016,02/11/2016,16,tv,1.6154,2.104,1.1514,1.0245,0.695,463,0.9204,0.231,0.1041,0.33,0.83,0.29,0.13,0.11,0.12,plo6
B-GM-MB-15,B,GM,55,13/07/2016,02/11/2016,16,tv,1.68,2.1399,1.1547,1.0357,0.719,479,0.961,0.1937,0.0747,0.27,0.85,0.31,0.12,0.1,0.11,plo7
B-GM-MB-16,B,GM,56,13/07/2016,02/11/2016,16,tv,1.6497,2.1353,1.1888,1.0609,0.659,439,0.9907,0.1981,0.0702,0.3,0.8,0.28,0.13,0.11,0.12,plo8
B-GM-MB-17,B,GM,57,28/07/2016,17/11/2016,16,pl,1.6203,2.1857,1.2258,1.0669,0.712,475,0.9083,0.3175,0.1586,0.45,0.78,0.24,0.16,0.13,0.15,tv1
B-GM-MB-18,B,GM,58,28/07/2016,17/11/2016,16,pl,1.6964,2.1777,1.2514,1.0609,0.692,461,1.0044,0.247,0.0565,0.36,0.74,0.26,0.19,0.15,0.18,tv2
B-GM-MB-19,B,GM,59,28/07/2016,17/11/2016,16,tv,1.7008,2.1389,1.1653,1.0523,0.672,448,1.0288,0.1365,0.0235,0.2,0.84,0.31,0.11,0.1,0.11,tv3
B-GM-MB-2,B,GM,42,13/07/2016,02/11/2016,16,pl,1.6283,2.1224,1.3453,1.1027,0.723,482,0.9053,0.44,0.1974,0.61,0.58,0.17,0.24,0.18,0.22,tv4
B-GM-MB-20,B,GM,60,28/07/2016,17/11/2016,16,tv,1.7411,2.2051,1.244,1.1026,0.667,445,1.0741,0.1699,0.0285,0.25,0.77,0.29,0.14,0.11,0.13,tv5
B-GM-MB-21,B,GM,61,29/07/2016,23/09/2016,8,tv,1.6521,1.964,1.1947,1.0434,0.636,424,1.0161,0.1786,0.0273,0.28,0.64,0.28,0.15,0.13,0.15,tv6
B-GM-MB-22,B,GM,62,29/07/2016,23/09/2016,8,tv,1.5707,1.835,1.1257,0.9862,0.608,405,0.9627,0.163,0.0235,0.27,0.63,0.28,0.14,0.12,0.14,tv7
B-GM-MB-23,B,GM,63,29/07/2016,23/09/2016,8,pl,1.7364,2.1056,1.3554,1.0621,0.705,470,1.0314,0.324,0.0307,0.46,0.55,0.22,0.29,0.22,0.28,tv8
B-GM-MB-24,B,GM,64,29/07/2016,23/09/2016,8,pl,1.65,1.9922,1.3189,1.0434,0.632,421,1.018,0.3009,0.0254,0.48,0.51,0.2,0.28,0.21,0.26,plo9
B-GM-MB-25,B,GM,65,04/08/2016,29/09/2016,8,pl,1.7076,2.1219,1.179,1.0448,0.679,453,1.0286,0.1504,0.0162,0.22,0.8,0.31,0.13,0.11,0.13,plo10
B-GM-MB-26,B,GM,66,04/08/2016,29/09/2016,8,pl,1.7226,2.1533,1.3768,1.0759,0.691,461,1.0316,0.3452,0.0443,0.5,0.56,0.2,0.3,0.22,0.28,tv9
B-GM-MB-27,B,GM,67,04/08/2016,29/09/2016,8,pl,1.7362,2.179,1.2166,1.077,0.685,457,1.0512,0.1654,0.0258,0.24,0.79,0.3,0.14,0.11,0.13,tv10
B-GM-MB-28,B,GM,68,04/08/2016,29/09/2016,8,pl,1.7272,2.1602,1.1877,1.0318,0.717,478,1.0102,0.1775,0.0216,0.25,0.82,0.31,0.16,0.13,0.15,tv11
B-GM-MB-29,B,GM,69,04/08/2016,29/09/2016,8,pl,1.7512,2.1921,1.2902,1.0972,0.685,457,1.0662,0.224,0.031,0.33,0.7,0.26,0.19,0.15,0.18,tv12
B-GM-MB-3,B,GM,43,13/07/2016,02/11/2016,16,pl,1.6237,2.1316,1.2075,1.049,0.713,475,0.9107,0.2968,0.1383,0.42,0.77,0.26,0.16,0.13,0.15,plo11
B-GM-MB-30,B,GM,70,04/08/2016,29/09/2016,8,pl,1.7359,2.1776,1.2434,1.1066,0.685,457,1.0509,0.1925,0.0557,0.28,0.75,0.28,0.14,0.11,0.12,plo12
B-GM-MB-31,B,GM,71,04/08/2016,29/09/2016,8,pl,1.7379,2.1717,1.1766,1.0458,0.729,486,1.0089,0.1677,0.0369,0.23,0.85,0.32,0.13,0.11,0.13,plo13
B-GM-MB-32,B,GM,72,04/08/2016,29/09/2016,8,pl,1.7211,2.1972,1.3373,1.1471,0.61,407,1.1111,0.2262,0.036,0.37,0.64,0.22,0.19,0.14,0.17,plo14
B-GM-MB-33,B,GM,73,04/08/2016,29/09/2016,8,tv,1.7193,2.187,1.2328,1.0555,0.695,463,1.0243,0.2085,0.0312,0.3,0.77,0.28,0.18,0.14,0.17,plo15
B-GM-MB-34,B,GM,74,04/08/2016,29/09/2016,8,tv,1.7141,2.2059,1.2786,1.1477,0.593,395,1.1211,0.1575,0.0266,0.27,0.73,0.25,0.13,0.1,0.11,plo16
B-GM-MB-35,B,GM,75,04/08/2016,29/09/2016,8,tv,1.755,2.2016,1.2219,1.0768,0.698,465,1.057,0.1649,0.0198,0.24,0.8,0.3,0.15,0.12,0.13,plo17
B-GM-MB-36,B,GM,76,04/08/2016,29/09/2016,8,tv,1.7313,2.1653,1.1954,1.0612,0.704,469,1.0273,0.1681,0.0339,0.24,0.81,0.31,0.13,0.11,0.13,plo18
B-GM-MB-37,B,GM,77,04/08/2016,29/09/2016,8,tv,1.7286,2.1571,1.2141,1.0645,0.698,465,1.0306,0.1835,0.0339,0.26,0.78,0.3,0.15,0.12,0.14,plo19
B-GM-MB-38,B,GM,78,29/08/2016,24/10/2016,8,tv,1.7349,2.189,1.1898,1.0495,0.707,471,1.0279,0.1619,0.0216,0.23,0.84,0.31,0.14,0.12,0.13,plo20
B-GM-MB-39,B,GM,79,29/08/2016,24/10/2016,8,tv,1.733,2.1599,1.2382,1.0384,0.727,485,1.006,0.2322,0.0324,0.32,0.74,0.29,0.2,0.16,0.19,tv13
B-GM-MB-4,B,GM,44,13/07/2016,02/11/2016,16,pl,1.7064,2.1716,1.3926,1.101,0.711,474,0.9954,0.3972,0.1056,0.56,0.56,0.18,0.29,0.21,0.26,tv14
B-GM-MB-40,B,GM,80,29/08/2016,24/10/2016,8,tv,1.7427,2.1942,1.2127,1.0713,0.7,467,1.0427,0.17,0.0286,0.24,0.81,0.3,0.14,0.12,0.13,tv15
B-GM-MB-5,B,GM,45,13/07/2016,02/11/2016,16,pl,1.7077,2.1989,1.2729,1.1145,0.692,461,1.0157,0.2572,0.0988,0.37,0.73,0.25,0.16,0.12,0.14,tv16
B-GM-MB-6,B,GM,46,13/07/2016,02/11/2016,16,pl,1.6724,2.2122,1.2659,1.1153,0.684,456,0.9884,0.2775,0.1269,0.41,0.75,0.24,0.15,0.12,0.14,tv17
B-GM-MB-7,B,GM,47,13/07/2016,02/11/2016,16,pl,1.6519,2.1856,1.2242,1.0606,0.712,475,0.9399,0.2843,0.1207,0.4,0.79,0.26,0.16,0.13,0.15,tv18
B-GM-MB-8,B,GM,48,13/07/2016,02/11/2016,16,pl,1.6988,2.2285,1.3257,1.088,0.737,491,0.9618,0.3639,0.1262,0.49,0.68,0.22,0.24,0.18,0.22,tv19
B-GM-MB-9,B,GM,49,13/07/2016,02/11/2016,16,tv,1.6797,2.1873,1.2123,1.1051,0.634,423,1.0457,0.1666,0.0594,0.26,0.8,0.28,0.11,0.09,0.1,tv20
B-kontrola,B,,301,13/07/2016,02/11/2016,16,pl,0.9783,1.6233,0.7451,0,0,0,0.9783,0,-0.2332,0,1.18,0.24,0.75,1,NA,plo1
B-kontrola,B,,302,13/07/2016,02/11/2016,16,pl,0.9488,1.4512,0.803,0,0,0,0.9488,0,-0.1458,0,0.81,0.15,0.8,1,NA,plo2
B-kontrola,B,,303,13/07/2016,02/11/2016,16,pl,0.9607,1.3105,0.8857,0,0,0,0.9607,0,-0.075,0,0.48,0.08,0.89,1,NA,plo3
B-kontrola,B,,304,13/07/2016,02/11/2016,16,pl,0.9439,1.4325,0.7691,0,0,0,0.9439,0,-0.1748,0,0.86,0.19,0.77,1,NA,plo4
B-kontrola,B,,305,13/07/2016,02/11/2016,16,pl,0.9657,1.4919,0.67,0,0,0,0.9657,0,-0.2957,0,1.23,0.31,0.67,1,NA,plo5
B-kontrola,B,,306,13/07/2016,02/11/2016,16,pl,0.9206,1.2643,0.7678,0,0,0,0.9206,0,-0.1528,0,0.65,0.17,0.77,1,NA,plo6
B-kontrola,B,,307,13/07/2016,02/11/2016,16,pl,0.9616,1.7133,0.6901,0,0,0,0.9616,0,-0.2715,0,1.48,0.28,0.69,1,NA,plo7
B-kontrola,B,,308,13/07/2016,02/11/2016,16,pl,0.9701,1.5085,0.8958,0,0,0,0.9701,0,-0.0743,0,0.68,0.08,0.9,1,NA,plo8
B-kontrola,B,,309,13/07/2016,02/11/2016,16,tv,0.9411,1.3027,0.6877,0,0,0,0.9411,0,-0.2534,0,0.89,0.27,0.69,1,NA,tv1
B-kontrola,B,,310,13/07/2016,02/11/2016,16,tv,0.917,1.3761,0.7845,0,0,0,0.917,0,-0.1325,0,0.75,0.14,0.78,1,NA,tv2
B-kontrola,B,,311,13/07/2016,02/11/2016,16,tv,0.9746,1.4364,0.7338,0,0,0,0.9746,0,-0.2408,0,0.96,0.25,0.73,1,NA,tv3
B-kontrola,B,,312,13/07/2016,02/11/2016,16,tv,0.9928,1.4525,0.8395,0,0,0,0.9928,0,-0.1533,0,0.73,0.15,0.84,1,NA,tv4
B-kontrola,B,,313,13/07/2016,02/11/2016,16,tv,0.9974,1.0954,0.4208,0,0,0,0.9974,0,-0.5766,0,1.6,0.58,0.42,1,NA,tv5
B-kontrola,B,,314,13/07/2016,02/11/2016,16,tv,0.9441,1.1297,0.3835,0,0,0,0.9441,0,-0.5606,0,1.95,0.59,0.38,1,NA,tv6
B-kontrola,B,,315,13/07/2016,02/11/2016,16,tv,0.9624,0.9688,0.7186,0,0,0,0.9624,0,-0.2438,0,0.35,0.25,0.72,1,NA,tv7
B-kontrola,B,,316,13/07/2016,02/11/2016,16,tv,0.9372,1.3722,0.7269,0,0,0,0.9372,0,-0.2103,0,0.89,0.22,0.73,1,NA,tv8
B-kontrola,B,,317,28/07/2016,17/11/2016,16,pl,0.9438,1.5212,0.7884,0,0,0,0.9438,0,-0.1554,0,0.93,0.16,0.79,1,NA,plo9
B-kontrola,B,,318,13/07/2016,02/11/2016,16,tv,0.9406,0.8687,0.5404,0,0,0,0.9406,0,-0.4002,0,0.61,0.43,0.54,1,NA,plo10
B-kontrola,B,,319,13/07/2016,02/11/2016,16,tv,0.9932,1.4682,0.6072,0,0,0,0.9932,0,-0.386,0,1.42,0.39,0.61,1,NA,tv9
B-kontrola,B,,320,13/07/2016,02/11/2016,16,tv,0.9416,1.4345,0.6268,0,0,0,0.9416,0,-0.3148,0,1.29,0.33,0.63,1,NA,tv10
B-kontrola,B,,321,13/07/2016,02/11/2016,16,tv,0.9042,1.1618,0.5641,0,0,0,0.9042,0,-0.3401,0,1.06,0.38,0.56,1,NA,tv11
B-kontrola,B,,322,13/07/2016,02/11/2016,16,tv,1.0033,1.0664,0.7899,0,0,0,1.0033,0,-0.2134,0,0.35,0.21,0.79,1,NA,tv12
B-kontrola,B,,323,13/07/2016,02/11/2016,16,tv,0.9625,0.8659,0.5496,0,0,0,0.9625,0,-0.4129,0,0.58,0.43,0.55,1,NA,plo11
B-kontrola,B,,324,13/07/2016,02/11/2016,16,tv,0.9611,1.1212,0.5733,0,0,0,0.9611,0,-0.3878,0,0.96,0.4,0.57,1,NA,plo12
B-kontrola,B,,325,13/07/2016,02/11/2016,16,tv,0.9753,0.9853,0.4403,0,0,0,0.9753,0,-0.535,0,1.24,0.55,0.44,1,NA,plo13
B-kontrola,B,,326,13/07/2016,02/11/2016,16,pl,0.9742,1.2543,0.8041,0,0,0,0.9742,0,-0.1701,0,0.56,0.17,0.8,1,NA,plo14
B-kontrola,B,,327,13/07/2016,02/11/2016,16,pl,0.991,1.576,0.7684,0,0,0,0.991,0,-0.2226,0,1.05,0.22,0.77,1,NA,plo15
B-kontrola,B,,328,13/07/2016,02/11/2016,16,pl,0.9007,1.4402,0.7434,0,0,0,0.9007,0,-0.1573,0,0.94,0.17,0.74,1,NA,plo16
B-kontrola,B,,329,13/07/2016,02/11/2016,16,pl,0.9214,1.4411,0.7733,0,0,0,0.9214,0,-0.1481,0,0.86,0.16,0.77,1,NA,plo17
B-kontrola,B,,330,13/07/2016,02/11/2016,16,pl,0.9238,1.2191,0.528,0,0,0,0.9238,0,-0.3958,0,1.31,0.43,0.53,1,NA,plo18
B-kontrola,B,,331,13/07/2016,02/11/2016,16,pl,0.9105,1.572,0.5242,0,0,0,0.9105,0,-0.3863,0,2,0.42,0.52,1,NA,plo19
B-kontrola,B,,332,13/07/2016,02/11/2016,16,pl,0.9746,1.3929,0.6552,0,0,0,0.9746,0,-0.3194,0,1.13,0.33,0.66,1,NA,plo20
B-kontrola,B,,333,13/07/2016,02/11/2016,16,pl,0.9911,1.0956,0.6246,0,0,0,0.9911,0,-0.3665,0,0.75,0.37,0.62,1,NA,tv13
B-kontrola,B,,334,28/07/2016,17/11/2016,16,pl,0.9748,1.4875,0.798,0,0,0,0.9748,0,-0.1768,0,0.86,0.18,0.8,1,NA,tv14
B-kontrola,B,,335,28/07/2016,17/11/2016,16,tv,0.9381,1.4369,0.5791,0,0,0,0.9381,0,-0.359,0,1.48,0.38,0.58,1,NA,tv15
B-kontrola,B,,336,28/07/2016,17/11/2016,16,tv,0.9501,1.4969,0.8251,0,0,0,0.9501,0,-0.125,0,0.81,0.13,0.83,1,NA,tv16
B-kontrola,B,,337,29/07/2016,23/09/2016,8,tv,0.9645,1.3921,0.9152,0,0,0,0.9645,0,-0.0493,0,0.52,0.05,0.92,1,NA,tv17
B-kontrola,B,,338,29/07/2016,23/09/2016,8,tv,0.9673,1.4057,0.8297,0,0,0,0.9673,0,-0.1376,0,0.69,0.14,0.83,1,NA,tv18
B-kontrola,B,,339,29/07/2016,23/09/2016,8,pl,0.9838,1.3938,0.9479,0,0,0,0.9838,0,-0.0359,0,0.47,0.04,0.95,1,NA,tv19
B-kontrola,B,,340,29/07/2016,23/09/2016,8,pl,0.9698,1.3985,0.9719,0,0,0,0.9698,0,0.0021,0,0.44,0,0.97,1,NA,tv20
B-kontrola,B,,341,04/08/2016,29/09/2016,8,pl,0.9253,1.4631,0.8582,0,0,0,0.9253,0,-0.0671,0,0.7,0.07,0.86,1,NA,pm1
B-kontrola,B,,342,04/08/2016,29/09/2016,8,pl,0.9489,1.5195,0.8345,0,0,0,0.9489,0,-0.1144,0,0.82,0.12,0.83,1,NA,pm2
B-kontrola,B,,343,04/08/2016,29/09/2016,8,pl,0.9923,1.5415,0.9494,0,0,0,0.9923,0,-0.0429,0,0.62,0.04,0.95,1,NA,pm3
B-kontrola,B,,344,04/08/2016,29/09/2016,8,pl,0.9751,1.4745,0.9158,0,0,0,0.9751,0,-0.0593,0,0.61,0.06,0.92,1,NA,gt1
B-kontrola,B,,345,04/08/2016,29/09/2016,8,pl,1.0038,1.6574,0.9291,0,0,0,1.0038,0,-0.0747,0,0.78,0.07,0.93,1,NA,gt2
B-kontrola,B,,346,04/08/2016,29/09/2016,8,pl,0.979,1.3793,0.976,0,0,0,0.979,0,-0.003,0,0.41,0,0.98,1,NA,gt3
B-kontrola,B,,347,04/08/2016,29/09/2016,8,pl,0.9456,1.3371,0.9364,0,0,0,0.9456,0,-0.0092,0,0.43,0.01,0.94,1,NA,gt4
B-kontrola,B,,348,04/08/2016,29/09/2016,8,pl,0.9264,1.2996,0.8894,0,0,0,0.9264,0,-0.037,0,0.46,0.04,0.89,1,NA,gt5
B-kontrola,B,,349,04/08/2016,29/09/2016,8,pl,0.9878,1.2805,0.7936,0,0,0,0.9878,0,-0.1942,0,0.61,0.2,0.79,1,NA,pm4
B-kontrola,B,,350,04/08/2016,29/09/2016,8,pl,0.9603,1.4902,0.7951,0,0,0,0.9603,0,-0.1652,0,0.87,0.17,0.8,1,NA,pm5
B-kontrola,B,,351,04/08/2016,29/09/2016,8,pl,0.9537,1.4277,0.7835,0,0,0,0.9537,0,-0.1702,0,0.82,0.18,0.78,1,NA,pm6
B-kontrola,B,,352,04/08/2016,29/09/2016,8,pl,0.9709,1.3721,0.7957,0,0,0,0.9709,0,-0.1752,0,0.72,0.18,0.8,1,NA,pm7
B-kontrola,B,,353,04/08/2016,29/09/2016,8,pl,0.9119,1.4062,0.7797,0,0,0,0.9119,0,-0.1322,0,0.8,0.14,0.78,1,NA,pm8
B-kontrola,B,,354,04/08/2016,29/09/2016,8,pl,0.9049,1.3515,0.8035,0,0,0,0.9049,0,-0.1014,0,0.68,0.11,0.8,1,NA,pm9
B-kontrola,B,,355,04/08/2016,29/09/2016,8,pl,0.9582,1.585,0.8592,0,0,0,0.9582,0,-0.099,0,0.84,0.1,0.86,1,NA,pm10
B-kontrola,B,,356,04/08/2016,29/09/2016,8,pl,0.9404,1.4107,0.8502,0,0,0,0.9404,0,-0.0902,0,0.66,0.1,0.85,1,NA,gt6
B-kontrola,B,,357,04/08/2016,29/09/2016,8,tv,0.9861,1.5491,0.9782,0,0,0,0.9861,0,-0.0079,0,0.58,0.01,0.98,1,NA,gt7
B-kontrola,B,,358,04/08/2016,29/09/2016,8,tv,0.9698,1.5004,0.9682,0,0,0,0.9698,0,-0.0016,0,0.55,0,0.97,1,NA,gt8
B-kontrola,B,,359,04/08/2016,29/09/2016,8,tv,0.9083,1.166,0.7494,0,0,0,0.9083,0,-0.1589,0,0.56,0.17,0.75,1,NA,gt9
B-kontrola,B,,360,04/08/2016,29/09/2016,8,tv,0.9326,1.4873,0.8989,0,0,0,0.9326,0,-0.0337,0,0.65,0.04,0.9,1,NA,gt10
B-kontrola,B,,361,04/08/2016,29/09/2016,8,tv,0.9229,1.419,0.7804,0,0,0,0.9229,0,-0.1425,0,0.82,0.15,0.78,1,NA,pm11
B-kontrola,B,,362,04/08/2016,29/09/2016,8,tv,0.9808,1.3119,0.7855,0,0,0,0.9808,0,-0.1953,0,0.67,0.2,0.79,1,NA,pm12
B-kontrola,B,,363,04/08/2016,29/09/2016,8,tv,0.9455,1.1013,0.7545,0,0,0,0.9455,0,-0.191,0,0.46,0.2,0.75,1,NA,pm13
B-kontrola,B,,364,04/08/2016,29/09/2016,8,tv,0.9518,1.3919,0.7859,0,0,0,0.9518,0,-0.1659,0,0.77,0.17,0.79,1,NA,pm14
B-kontrola,B,,365,04/08/2016,29/09/2016,8,tv,0.9485,1.1934,0.7787,0,0,0,0.9485,0,-0.1698,0,0.53,0.18,0.78,1,NA,pm15
B-kontrola,B,,366,04/08/2016,29/09/2016,8,tv,0.9331,1.2785,0.7693,0,0,0,0.9331,0,-0.1638,0,0.66,0.18,0.77,1,NA,pm16
B-kontrola,B,,367,04/08/2016,29/09/2016,8,tv,0.9217,1.2353,0.7478,0,0,0,0.9217,0,-0.1739,0,0.65,0.19,0.75,1,NA,gt11
B-kontrola,B,,368,04/08/2016,29/09/2016,8,tv,0.9532,1.2449,0.7666,0,0,0,0.9532,0,-0.1866,0,0.62,0.2,0.77,1,NA,gt12
B-kontrola,B,,369,04/08/2016,29/09/2016,8,tv,0.9514,1.3276,0.7604,0,0,0,0.9514,0,-0.191,0,0.75,0.2,0.76,1,NA,gt13
B-kontrola,B,,370,29/08/2016,24/10/2016,8,tv,1.0217,1.5224,0.8151,0,0,0,1.0217,0,-0.2066,0,0.87,0.2,0.82,1,NA,gt14
B-kontrola,B,,371,29/08/2016,24/10/2016,8,tv,0.9395,1.5378,0.9349,0,0,0,0.9395,0,-0.0046,0,0.64,0,0.93,1,NA,gt15
B-kontrola,B,,372,29/08/2016,24/10/2016,8,tv,0.9698,1.4869,0.9702,0,0,0,0.9698,0,0.0004,0,0.53,0,0.97,1,NA,gt16
B-LO-MB-1,B,LO,81,13/07/2016,02/11/2016,16,pl,1.6194,1.9069,1.1175,1.1089,0.678,452,0.9414,0.1761,0.1675,0.26,0.71,0.31,0.01,0.01,0.01,gt17
B-LO-MB-10,B,LO,90,13/07/2016,02/11/2016,16,tv,1.6348,1.5724,1.1731,1.0898,0.672,448,0.9628,0.2103,0.127,0.31,0.34,0.28,0.08,0.07,0.08,gt18
B-LO-MB-11,B,LO,91,13/07/2016,02/11/2016,16,tv,1.6107,2.1926,1.3797,1.0705,0.662,441,0.9487,0.431,0.1218,0.65,0.59,0.14,0.31,0.22,0.29,gt19
B-LO-MB-12,B,LO,92,13/07/2016,02/11/2016,16,tv,1.6285,1.9062,1.4337,1.0764,0.654,436,0.9745,0.4592,0.1019,0.7,0.33,0.12,0.36,0.25,0.33,gt20
B-LO-MB-13,B,LO,93,13/07/2016,02/11/2016,16,tv,1.5709,1.5519,0.9169,0.8733,0.66,440,0.9109,0.006,-0.0376,0.01,0.69,0.42,0.04,0.05,0.05,pm17
B-LO-MB-14,B,LO,94,13/07/2016,02/11/2016,16,tv,1.6373,1.3614,1.0455,1.0348,0.587,391,1.0503,-0.0048,-0.0155,-0.01,0.3,0.36,0.01,0.01,0.01,pm18
B-LO-MB-15,B,LO,95,13/07/2016,02/11/2016,16,tv,1.6022,2.0947,1.3757,1.0386,0.653,435,0.9492,0.4265,0.0894,0.65,0.52,0.14,0.34,0.25,0.32,pm19
B-LO-MB-16,B,LO,96,13/07/2016,02/11/2016,16,tv,1.5337,1.6463,1.1549,1.0647,0.637,425,0.8967,0.2582,0.168,0.41,0.43,0.25,0.09,0.08,0.08,pm20
B-LO-MB-17,B,LO,97,28/07/2016,17/11/2016,16,pl,1.6294,1.6987,1.2891,1.135,0.644,429,0.9854,0.3037,0.1496,0.47,0.32,0.21,0.15,0.12,0.14,pm1
B-LO-MB-18,B,LO,98,28/07/2016,17/11/2016,16,pl,1.6262,2.0023,1.4983,1.0733,0.63,420,0.9962,0.5021,0.0771,0.8,0.34,0.08,0.43,0.28,0.4,pm2
B-LO-MB-19,B,LO,99,28/07/2016,17/11/2016,16,tv,1.6087,2.0612,1.4215,1.0467,0.616,411,0.9927,0.4288,0.054,0.7,0.45,0.12,0.37,0.26,0.36,pm3
B-LO-MB-2,B,LO,82,13/07/2016,02/11/2016,16,pl,1.6718,1.7056,1.2422,1.1528,0.647,431,1.0248,0.2174,0.128,0.34,0.37,0.26,0.09,0.07,0.08,gt1
B-LO-MB-20,B,LO,100,28/07/2016,17/11/2016,16,tv,1.6483,2.0651,1.5134,1.0571,0.638,425,1.0103,0.5031,0.0468,0.79,0.36,0.08,0.46,0.3,0.43,gt2
B-LO-MB-21,B,LO,101,29/07/2016,23/09/2016,8,tv,1.68,1.8188,1.4577,1.0867,0.659,439,1.021,0.4367,0.0657,0.66,0.25,0.13,0.37,0.25,0.34,gt3
B-LO-MB-22,B,LO,102,29/07/2016,23/09/2016,8,tv,1.6871,1.84,1.4947,1.0731,0.675,450,1.0121,0.4826,0.061,0.71,0.23,0.11,0.42,0.28,0.39,gt4
B-LO-MB-23,B,LO,103,29/07/2016,23/09/2016,8,pl,1.6031,1.972,1.5567,1.0394,0.583,389,1.0201,0.5366,0.0193,0.92,0.27,0.03,0.52,0.33,0.5,gt5
B-LO-MB-24,B,LO,104,29/07/2016,23/09/2016,8,pl,1.7057,2.0901,1.6069,1.0802,0.642,428,1.0637,0.5432,0.0165,0.85,0.3,0.06,0.53,0.33,0.49,pm4
B-LO-MB-25,B,LO,105,04/08/2016,29/09/2016,8,pl,1.6332,1.8883,1.3123,1.0521,0.605,403,1.0282,0.2841,0.0239,0.47,0.44,0.2,0.26,0.2,0.25,pm5
B-LO-MB-26,B,LO,106,04/08/2016,29/09/2016,8,pl,1.539,1.7822,1.3876,1.0011,0.578,385,0.961,0.4266,0.0401,0.74,0.28,0.1,0.39,0.28,0.39,pm6
B-LO-MB-27,B,LO,107,04/08/2016,29/09/2016,8,pl,1.6883,2.1514,1.5243,1.0651,0.656,437,1.0323,0.492,0.0328,0.75,0.41,0.1,0.46,0.3,0.43,pm7
B-LO-MB-28,B,LO,108,04/08/2016,29/09/2016,8,pl,1.6534,1.9044,1.5217,1.0491,0.648,432,1.0054,0.5163,0.0437,0.8,0.25,0.08,0.47,0.31,0.45,pm8
B-LO-MB-29,B,LO,109,04/08/2016,29/09/2016,8,pl,1.428,1.5702,1.2571,0.9239,0.553,369,0.875,0.3821,0.0489,0.69,0.25,0.12,0.33,0.27,0.36,pm9
B-LO-MB-3,B,LO,83,13/07/2016,02/11/2016,16,pl,1.6248,1.6201,1.3122,1.1381,0.609,406,1.0158,0.2964,0.1223,0.49,0.23,0.19,0.17,0.13,0.15,pm10
B-LO-MB-30,B,LO,110,04/08/2016,29/09/2016,8,pl,1.6873,2.1795,1.5126,1.136,0.593,395,1.0943,0.4183,0.0417,0.71,0.44,0.1,0.38,0.25,NA,gt6
B-LO-MB-31,B,LO,111,04/08/2016,29/09/2016,8,pl,1.6765,2.1553,1.5089,1.06,0.658,439,1.0185,0.4904,0.0415,0.75,0.43,0.1,0.45,0.3,NA,gt7
B-LO-MB-32,B,LO,112,04/08/2016,29/09/2016,8,pl,1.6661,2.0592,1.5566,1.0594,0.641,427,1.0251,0.5315,0.0343,0.83,0.32,0.07,0.5,0.32,NA,gt8
B-LO-MB-33,B,LO,113,04/08/2016,29/09/2016,8,tv,1.6545,2.104,1.5509,1.0682,0.623,415,1.0315,0.5194,0.0367,0.83,0.36,0.06,0.48,0.31,NA,gt9
B-LO-MB-34,B,LO,114,04/08/2016,29/09/2016,8,tv,1.6731,1.9238,1.4879,1.1318,0.585,390,1.0881,0.3998,0.0437,0.68,0.29,0.11,0.36,0.24,NA,gt10
B-LO-MB-35,B,LO,115,04/08/2016,29/09/2016,8,tv,1.6521,2.1355,1.4207,1.0752,0.624,416,1.0281,0.3926,0.0471,0.63,0.5,0.14,0.35,0.24,0.32,pm11
B-LO-MB-36,B,LO,116,04/08/2016,29/09/2016,8,tv,1.6564,2.1116,1.5974,1.0539,0.64,427,1.0164,0.581,0.0375,0.91,0.32,0.04,0.54,0.34,0.52,pm12
B-LO-MB-37,B,LO,117,04/08/2016,29/09/2016,8,tv,1.6904,2.1281,1.5567,1.0677,0.659,439,1.0314,0.5253,0.0363,0.8,0.37,0.08,0.49,0.31,0.46,pm13
B-LO-MB-38,B,LO,118,29/08/2016,24/10/2016,8,tv,1.652,2.1563,1.5422,1.0799,0.616,411,1.036,0.5062,0.0439,0.82,0.4,0.07,0.46,0.3,0.43,pm14
B-LO-MB-39,B,LO,119,29/08/2016,24/10/2016,8,tv,1.6752,2.1053,1.561,1.0588,0.646,431,1.0292,0.5318,0.0296,0.82,0.35,0.07,0.5,0.32,0.47,pm15
B-LO-MB-4,B,LO,84,13/07/2016,02/11/2016,16,pl,1.5479,1.6204,1.1571,1.1177,0.596,397,0.9519,0.2052,0.1658,0.34,0.4,0.25,0.04,0.03,0.04,pm16
B-LO-MB-40,B,LO,120,29/08/2016,24/10/2016,8,tv,1.6935,2.0217,1.4891,1.0804,0.655,437,1.0385,0.4506,0.0419,0.69,0.36,0.12,0.41,0.27,0.38,gt11
B-LO-MB-5,B,LO,85,13/07/2016,02/11/2016,16,pl,1.591,1.6681,1.1342,1.0636,0.673,449,0.918,0.2162,0.1456,0.32,0.47,0.29,0.07,0.06,0.07,gt12
B-LO-MB-6,B,LO,86,13/07/2016,02/11/2016,16,pl,1.5771,2.1028,1.35,1.0304,0.643,429,0.9341,0.4159,0.0963,0.65,0.56,0.14,0.32,0.24,0.31,gt13
B-LO-MB-7,B,LO,87,13/07/2016,02/11/2016,16,pl,1.553,2.0774,1.2294,1.0852,0.625,417,0.928,0.3014,0.1572,0.48,0.69,0.21,0.14,0.12,0.13,gt14
B-LO-MB-8,B,LO,88,13/07/2016,02/11/2016,16,pl,1.6296,1.8276,1.4467,1.0806,0.654,436,0.9756,0.4711,0.105,0.72,0.26,0.11,0.37,0.25,0.34,gt15
B-LO-MB-9,B,LO,89,13/07/2016,02/11/2016,16,tv,1.5959,1.5073,1.1508,1.1089,0.65,433,0.9459,0.2049,0.163,0.32,0.31,0.28,0.04,0.04,0.04,gt16
P-DM-MB-1,P,DM,121,13/07/2016,02/11/2016,16,pm,1.5029,1.6873,1.3022,0.5635,0.959,639,0.5439,0.7583,0.0196,0.79,0.3,0.13,0.74,0.57,1.31,gt17
P-DM-MB-10,P,DM,130,28/07/2016,17/11/2016,16,pm,1.3679,1.6327,1.1637,0.6574,0.736,491,0.6319,0.5318,0.0255,0.72,0.4,0.15,0.51,0.44,0.77,gt18
P-DM-MB-11,P,DM,131,28/07/2016,17/11/2016,16,pm,1.7343,2.1043,1.6595,1.0564,0.699,466,1.0353,0.6242,0.0211,0.89,0.27,0.04,0.6,0.36,0.57,gt19
P-DM-MB-12,P,DM,132,28/07/2016,17/11/2016,16,pm,1.815,1.9965,1.6418,1.177,0.743,495,1.072,0.5698,0.105,0.77,0.22,0.1,0.46,0.28,0.39,gt20
P-DM-MB-13,P,DM,133,28/07/2016,17/11/2016,16,pm,1.828,1.9695,1.6377,1.1787,0.771,514,1.057,0.5807,0.1217,0.75,0.2,0.1,0.46,0.28,0.39,pm17
P-DM-MB-14,P,DM,134,28/07/2016,17/11/2016,16,pm,1.8295,1.9954,1.6583,1.2685,0.701,467,1.1285,0.5298,0.14,0.76,0.2,0.09,0.39,0.24,0.31,pm18
P-DM-MB-15,P,DM,135,28/07/2016,17/11/2016,16,pm,1.8014,2.0953,1.6622,1.0793,0.764,509,1.0374,0.6248,0.0419,0.82,0.26,0.08,0.58,0.35,0.54,pm19
P-DM-MB-16,P,DM,136,28/07/2016,17/11/2016,16,gt,1.8269,2.1188,1.6307,1.0378,0.743,495,1.0839,0.5468,-0.0461,0.74,0.3,0.11,0.59,0.36,0.57,pm20
P-DM-MB-17,P,DM,137,28/07/2016,17/11/2016,16,gt,1.7971,2.1917,1.6414,1.1348,0.699,466,1.0981,0.5433,0.0367,0.78,0.34,0.09,0.51,0.31,0.45,pm1
P-DM-MB-18,P,DM,138,28/07/2016,17/11/2016,16,gt,1.8262,2.1853,1.6308,1.1483,0.666,444,1.1602,0.4706,-0.0119,0.71,0.34,0.11,0.48,0.3,0.42,pm2
P-DM-MB-19,P,DM,139,28/07/2016,17/11/2016,16,gt,1.7721,2.1362,1.5595,1.0471,0.751,501,1.0211,0.5384,0.026,0.72,0.37,0.12,0.51,0.33,0.49,pm3
P-DM-MB-2,P,DM,122,13/07/2016,02/11/2016,16,pm,1.2965,1.3672,1.1133,0.6275,0.654,436,0.6425,0.4708,-0.015,0.72,0.23,0.14,0.49,0.44,0.77,gt1
P-DM-MB-20,P,DM,140,28/07/2016,17/11/2016,16,gt,1.7578,2.1548,1.5501,1.0326,0.701,467,1.0568,0.4933,-0.0242,0.7,0.39,0.12,0.52,0.33,0.5,gt2
P-DM-MB-21,P,DM,141,29/07/2016,23/09/2016,8,pm,1.8266,2.0942,1.757,1.1354,0.75,500,1.0766,0.6804,0.0588,0.91,0.19,0.04,0.62,0.35,0.55,gt3
P-DM-MB-22,P,DM,142,29/07/2016,23/09/2016,8,pm,1.7854,2.0701,1.7456,1.1608,0.722,481,1.0634,0.6822,0.0974,0.94,0.19,0.02,0.58,0.34,0.5,gt4
P-DM-MB-23,P,DM,143,29/07/2016,23/09/2016,8,pm,1.7516,1.9413,1.6935,1.1007,0.735,490,1.0166,0.6769,0.0841,0.92,0.15,0.03,0.59,0.35,0.54,gt5
P-DM-MB-24,P,DM,144,29/07/2016,23/09/2016,8,pm,1.8338,2.0462,1.7858,1.2031,0.744,496,1.0898,0.696,0.1133,0.94,0.15,0.03,0.58,0.33,0.48,pm4
P-DM-MB-25,P,DM,145,29/07/2016,23/09/2016,8,pm,1.6383,1.8537,1.5872,1.1193,0.664,443,0.9743,0.6129,0.145,0.92,0.17,0.03,0.47,0.29,0.42,pm5
P-DM-MB-26,P,DM,146,29/07/2016,23/09/2016,8,pm,1.8171,2.127,1.7707,1.1713,0.713,475,1.1041,0.6666,0.0672,0.93,0.2,0.03,0.6,0.34,0.51,pm6
P-DM-MB-27,P,DM,147,29/07/2016,23/09/2016,8,gt,1.8249,2.0843,1.7175,1.1884,0.697,465,1.1279,0.5896,0.0605,0.85,0.21,0.06,0.53,0.31,0.45,pm7
P-DM-MB-28,P,DM,148,29/07/2016,23/09/2016,8,gt,1.715,2.0002,1.6612,1.1989,0.712,475,1.003,0.6582,0.1959,0.92,0.2,0.03,0.46,0.28,0.39,pm8
P-DM-MB-29,P,DM,149,29/07/2016,23/09/2016,8,gt,1.8077,2.1246,1.7383,1.2227,0.672,448,1.1357,0.6026,0.087,0.9,0.22,0.04,0.52,0.3,0.42,pm9
P-DM-MB-3,P,DM,123,13/07/2016,02/11/2016,16,pm,1.3378,1.4246,1.2068,0.5955,0.729,486,0.6088,0.598,-0.0133,0.82,0.18,0.1,0.61,0.51,1.03,pm10
P-DM-MB-30,P,DM,150,29/07/2016,23/09/2016,8,gt,1.5751,1.8102,1.5151,1.0394,0.657,438,0.9181,0.597,0.1213,0.91,0.19,0.04,0.48,0.31,NA,gt6
P-DM-MB-31,P,DM,151,29/07/2016,23/09/2016,8,gt,1.7782,2.108,1.7191,1.3038,0.704,469,1.0742,0.6449,0.2296,0.92,0.23,0.03,0.42,0.24,NA,gt7
P-DM-MB-32,P,DM,152,04/08/2016,29/09/2016,8,gt,1.7914,2.1429,1.6758,1.2342,0.711,474,1.0804,0.5954,0.1538,0.84,0.28,0.06,0.44,0.26,NA,gt8
P-DM-MB-33,P,DM,153,04/08/2016,29/09/2016,8,gt,1.8375,2.2013,1.7097,1.3396,0.743,495,1.0945,0.6152,0.2451,0.83,0.29,0.07,0.37,0.22,NA,gt9
P-DM-MB-34,P,DM,154,04/08/2016,29/09/2016,8,gt,1.8323,2.1829,1.7084,1.2036,0.74,493,1.0923,0.6161,0.1113,0.83,0.28,0.07,0.5,0.3,NA,gt10
P-DM-MB-35,P,DM,155,04/08/2016,29/09/2016,8,gt,1.8253,2.171,1.7332,1.1458,0.746,497,1.0793,0.6539,0.0665,0.88,0.25,0.05,0.59,0.34,0.51,pm11
P-DM-MB-36,P,DM,156,04/08/2016,29/09/2016,8,gt,1.8246,2.1736,1.7034,1.2222,0.718,479,1.1066,0.5968,0.1156,0.83,0.28,0.07,0.48,0.28,0.39,pm12
P-DM-MB-37,P,DM,157,04/08/2016,29/09/2016,8,pm,1.81,2.1412,1.709,1.2846,0.727,485,1.083,0.626,0.2016,0.86,0.25,0.06,0.42,0.25,0.33,pm13
P-DM-MB-38,P,DM,158,04/08/2016,29/09/2016,8,pm,1.7874,2.008,1.6686,1.1068,0.731,487,1.0564,0.6122,0.0504,0.84,0.2,0.07,0.56,0.34,0.51,pm14
P-DM-MB-39,P,DM,159,04/08/2016,29/09/2016,8,pm,1.8122,2.0602,1.7014,1.3199,0.728,485,1.0842,0.6172,0.2357,0.85,0.21,0.06,0.38,0.22,0.29,pm15
P-DM-MB-4,P,DM,124,13/07/2016,02/11/2016,16,gt,1.5513,1.7613,1.3388,0.8993,0.99,660,0.5613,0.7775,0.338,0.79,0.32,0.14,0.44,0.33,0.49,pm16
P-DM-MB-40,P,DM,160,04/08/2016,29/09/2016,8,pm,1.7839,2.0132,1.6588,1.0886,0.725,483,1.0589,0.5999,0.0297,0.83,0.21,0.07,0.57,0.34,0.52,gt11
P-DM-MB-5,P,DM,125,13/07/2016,02/11/2016,16,gt,1.4906,1.7383,1.3469,0.8467,0.957,638,0.5336,0.8133,0.3131,0.85,0.29,0.1,0.5,0.37,0.59,gt12
P-DM-MB-6,P,DM,126,13/07/2016,02/11/2016,16,gt,1.4997,1.667,1.2911,0.6176,0.958,639,0.5417,0.7494,0.0759,0.78,0.29,0.14,0.67,0.52,1.09,gt13
P-DM-MB-7,P,DM,127,13/07/2016,02/11/2016,16,gt,1.3904,1.6636,1.1945,0.6491,0.887,591,0.5034,0.6911,0.1457,0.78,0.39,0.14,0.55,0.46,0.84,gt14
P-DM-MB-8,P,DM,128,13/07/2016,02/11/2016,16,gt,1.5275,1.8476,1.3667,0.7404,0.944,629,0.5835,0.7832,0.1569,0.83,0.35,0.11,0.63,0.46,0.85,gt15
P-DM-MB-9,P,DM,129,28/07/2016,17/11/2016,16,pm,1.5019,1.5465,1.3042,0.549,0.926,617,0.5759,0.7283,-0.0269,0.79,0.19,0.13,0.76,0.58,1.38,gt16
P-GM-MB-1,P,GM,161,13/07/2016,02/11/2016,16,pm,1.2705,1.8276,1.1051,0.6282,0.726,484,0.5445,0.5606,0.0837,0.77,0.65,0.13,0.48,0.43,0.76,gt17
P-GM-MB-10,P,GM,170,28/07/2016,17/11/2016,16,pm,1.059,1.7996,0.9111,0.6046,0.426,284,0.633,0.2781,-0.0284,0.65,0.98,0.14,0.31,0.34,0.51,gt18
P-GM-MB-11,P,GM,171,28/07/2016,17/11/2016,16,pm,1.8038,2.1402,1.3726,1.0473,0.772,515,1.0318,0.3408,0.0155,0.44,0.56,0.24,0.33,0.24,0.31,gt19
P-GM-MB-12,P,GM,172,28/07/2016,17/11/2016,16,pm,1.8288,2.2016,1.4293,1.1199,0.732,488,1.0968,0.3325,0.0231,0.45,0.54,0.22,0.31,0.22,0.28,gt20
P-GM-MB-13,P,GM,173,28/07/2016,17/11/2016,16,pm,1.8293,2.1672,1.383,1.1612,0.725,483,1.1043,0.2787,0.0569,0.38,0.57,0.24,0.22,0.16,0.19,pm17
P-GM-MB-14,P,GM,174,28/07/2016,17/11/2016,16,pm,1.8214,2.1806,1.4391,1.1603,0.749,499,1.0724,0.3667,0.0879,0.49,0.52,0.21,0.28,0.19,0.24,pm18
P-GM-MB-15,P,GM,175,28/07/2016,17/11/2016,16,pm,1.802,2.1883,1.4498,1.1404,0.684,456,1.118,0.3318,0.0224,0.49,0.51,0.2,0.31,0.21,0.27,pm19
P-GM-MB-16,P,GM,176,28/07/2016,17/11/2016,16,gt,1.5636,2.0475,1.1606,0.9996,0.558,372,1.0056,0.155,-0.006,0.28,0.76,0.26,0.16,0.14,0.16,pm20
P-GM-MB-17,P,GM,177,28/07/2016,17/11/2016,16,gt,1.69,2.0392,1.1051,0.9717,0.732,488,0.958,0.1471,0.0137,0.2,0.85,0.35,0.13,0.12,0,plo1
P-GM-MB-18,P,GM,178,28/07/2016,17/11/2016,16,gt,1.707,2.1064,1.1763,1.0362,0.663,442,1.044,0.1323,-0.0078,0.2,0.79,0.31,0.14,0.12,0,plo2
P-GM-MB-19,P,GM,179,28/07/2016,17/11/2016,16,gt,1.6825,2.0212,1.0738,0.9343,0.739,493,0.9435,0.1303,-0.0092,0.18,0.88,0.36,0.14,0.13,0,plo3
P-GM-MB-2,P,GM,162,13/07/2016,02/11/2016,16,pm,1.0931,1.3667,0.9343,0.647,0.47,313,0.6231,0.3112,0.0239,0.66,0.46,0.15,0.29,0.31,0,plo4
P-GM-MB-20,P,GM,180,28/07/2016,17/11/2016,16,gt,1.6844,2.1055,1.1415,1.0252,0.678,452,1.0064,0.1351,0.0188,0.2,0.84,0.32,0.12,0.1,0,plo5
P-GM-MB-21,P,GM,181,29/07/2016,23/09/2016,8,pm,1.7854,2.1067,1.386,1.0774,0.754,503,1.0314,0.3546,0.046,0.47,0.52,0.22,0.31,0.22,0,plo6
P-GM-MB-22,P,GM,182,29/07/2016,23/09/2016,8,pm,1.83,2.15,1.4473,1.1861,0.745,497,1.085,0.3623,0.1011,0.49,0.49,0.21,0.26,0.18,0,plo7
P-GM-MB-23,P,GM,183,29/07/2016,23/09/2016,8,pm,1.8447,2.1579,1.5672,1.107,0.773,515,1.0717,0.4955,0.0353,0.64,0.38,0.15,0.46,0.29,0,plo8
P-GM-MB-24,P,GM,184,29/07/2016,23/09/2016,8,pm,1.8567,2.1748,1.5183,1.2243,0.733,489,1.1237,0.3946,0.1006,0.54,0.43,0.18,0.29,0.19,0,tv1
P-GM-MB-25,P,GM,185,29/07/2016,23/09/2016,8,pm,1.7736,2.1262,1.4381,1.0844,0.722,481,1.0516,0.3865,0.0328,0.54,0.48,0.19,0.35,0.25,0,tv2
P-GM-MB-26,P,GM,186,29/07/2016,23/09/2016,8,pm,1.798,2.0973,1.3801,1.0907,0.722,481,1.076,0.3041,0.0147,0.42,0.52,0.23,0.29,0.21,0,tv3
P-GM-MB-27,P,GM,187,29/07/2016,23/09/2016,8,gt,1.807,2.0766,1.2848,1.0847,0.758,505,1.049,0.2358,0.0357,0.31,0.62,0.29,0.2,0.16,0,tv4
P-GM-MB-28,P,GM,188,29/07/2016,23/09/2016,8,gt,1.8105,2.0916,1.2811,1.0937,0.752,501,1.0585,0.2226,0.0352,0.3,0.63,0.29,0.19,0.15,0,tv5
P-GM-MB-29,P,GM,189,29/07/2016,23/09/2016,8,gt,1.8221,2.1071,1.3314,1.119,0.744,496,1.0781,0.2533,0.0409,0.34,0.58,0.27,0.21,0.16,0,tv6
P-GM-MB-3,P,GM,163,13/07/2016,02/11/2016,16,pm,1.3038,1.8205,1.1062,0.6745,0.726,484,0.5778,0.5284,0.0967,0.73,0.65,0.15,0.43,0.39,0,tv7
P-GM-MB-30,P,GM,190,29/07/2016,23/09/2016,8,gt,1.8067,2.1298,1.314,1.1563,0.721,481,1.0857,0.2283,0.0706,0.32,0.62,0.27,0.16,0.12,0,tv8
P-GM-MB-31,P,GM,191,29/07/2016,23/09/2016,8,gt,1.833,2.1136,1.3152,1.1188,0.718,479,1.115,0.2002,0.0038,0.28,0.61,0.28,0.2,0.15,0,plo9
P-GM-MB-32,P,GM,192,04/08/2016,29/09/2016,8,gt,1.8013,2.22,1.3474,1.1253,0.699,466,1.1023,0.2451,0.023,0.35,0.65,0.25,0.22,0.16,0,tv kont2
P-GM-MB-33,P,GM,193,04/08/2016,29/09/2016,8,gt,1.836,2.239,1.3246,1.1201,0.718,479,1.118,0.2066,0.0021,0.29,0.69,0.28,0.2,0.15,0,tv kont2
P-GM-MB-34,P,GM,194,04/08/2016,29/09/2016,8,gt,1.7938,2.1733,1.2562,1.0541,0.744,496,1.0498,0.2064,0.0043,0.28,0.73,0.3,0.2,0.16,0,tv kont2
P-GM-MB-35,P,GM,195,04/08/2016,29/09/2016,8,gt,1.7891,2.181,1.3222,1.1096,0.718,479,1.0711,0.2511,0.0385,0.35,0.65,0.26,0.21,0.16,0,tv kont2
P-GM-MB-36,P,GM,196,04/08/2016,29/09/2016,8,gt,1.8334,2.2073,1.2802,1.1405,0.762,508,1.0714,0.2088,0.0691,0.27,0.72,0.3,0.14,0.11,0,tv kont1
P-GM-MB-37,P,GM,197,04/08/2016,29/09/2016,8,pm,1.2814,1.5261,1.1215,1.0303,0.201,134,1.0804,0.0411,-0.0501,0.2,0.36,0.12,0.09,0.08,0,tv kont1
P-GM-MB-38,P,GM,198,04/08/2016,29/09/2016,8,pm,1.8421,2.2283,1.4523,1.1089,0.741,494,1.1011,0.3512,0.0078,0.47,0.53,0.21,0.34,0.24,0,tv kont1
P-GM-MB-39,P,GM,199,04/08/2016,29/09/2016,8,pm,1.8673,2.254,1.4514,1.1734,0.69,460,1.1773,0.2741,-0.0039,0.4,0.55,0.22,0.28,0.19,0,tv kont1
P-GM-MB-4,P,GM,164,13/07/2016,02/11/2016,16,gt,1.2652,1.7534,1.0133,0.6062,0.707,471,0.5582,0.4551,0.048,0.64,0.73,0.2,0.41,0.4,0,plo kont2
P-GM-MB-40,P,GM,200,04/08/2016,29/09/2016,8,pm,1.8383,2.2144,1.4262,1.2116,0.778,519,1.0603,0.3659,0.1513,0.47,0.55,0.22,0.21,0.15,0,plo kont2
P-GM-MB-5,P,GM,165,13/07/2016,02/11/2016,16,gt,1.1248,1.7842,0.9622,0.6352,0.557,371,0.5678,0.3944,0.0674,0.71,0.85,0.14,0.33,0.34,0,plo kont2
P-GM-MB-6,P,GM,166,13/07/2016,02/11/2016,16,gt,1.2505,1.7593,0.9534,0.5912,0.716,477,0.5345,0.4189,0.0567,0.59,0.85,0.24,0.36,0.38,0,plo kont2
P-GM-MB-7,P,GM,167,13/07/2016,02/11/2016,16,gt,1.077,1.7957,0.9167,0.6017,0.503,335,0.574,0.3427,0.0277,0.68,0.96,0.15,0.32,0.34,0,plo kont1
P-GM-MB-8,P,GM,168,13/07/2016,02/11/2016,16,gt,1.2733,1.8032,0.9324,0.5782,0.725,483,0.5483,0.3841,0.0299,0.53,0.93,0.27,0.35,0.38,0,plo kont1
P-GM-MB-9,P,GM,169,28/07/2016,17/11/2016,16,pm,1.0838,1.8139,0.9781,0.6947,0.45,300,0.6338,0.3443,0.0609,0.77,0.85,0.1,0.28,0.29,0,plo kont1
P-kontrola,P,,401,13/07/2016,02/11/2016,16,pm,0.8883,1.247,0.7272,0,0,0,0.8883,0,-0.1611,0,0.71,0.18,0.73,1,0,plo kont1
P-kontrola,P,,402,13/07/2016,02/11/2016,16,pm,0.8878,1.0582,0.7265,0,0,0,0.8878,0,-0.1613,0,0.46,0.18,0.73,1,0,plo10
P-kontrola,P,,403,13/07/2016,02/11/2016,16,pm,0.9387,1.1913,0.7902,0,0,0,0.9387,0,-0.1485,0,0.51,0.16,0.79,1,0,tv9
P-kontrola,P,,404,13/07/2016,02/11/2016,16,gt,0.8708,1.8302,0.8165,0,0,0,0.8708,0,-0.0543,0,1.24,0.06,0.82,1,0,tv10
P-kontrola,P,,405,13/07/2016,02/11/2016,16,gt,0.8434,1.9863,0.8368,0,0,0,0.8434,0,-0.0066,0,1.37,0.01,0.84,1,0,tv11
P-kontrola,P,,406,13/07/2016,02/11/2016,16,gt,0.8816,1.8381,0.8025,0,0,0,0.8816,0,-0.0791,0,1.29,0.09,0.8,1,0,tv12
P-kontrola,P,,407,13/07/2016,02/11/2016,16,gt,0.8165,0.7101,0.2483,0,0,0,0.8165,0,-0.5682,0,1.86,0.7,0.25,1,0,plo11
P-kontrola,P,,408,13/07/2016,02/11/2016,16,gt,0.9084,2.0782,0.9005,0,0,0,0.9084,0,-0.0079,0,1.31,0.01,0.9,1,0,plo12
P-kontrola,P,,409,28/07/2016,17/11/2016,16,pm,0.887,1.1561,0.7392,0,0,0,0.887,0,-0.1478,0,0.56,0.17,0.74,1,0,plo13
P-kontrola,P,,410,28/07/2016,17/11/2016,16,pm,0.8542,1.1397,0.7538,0,0,0,0.8542,0,-0.1004,0,0.51,0.12,0.75,1,0,plo14
P-kontrola,P,,411,28/07/2016,17/11/2016,16,pm,0.8444,1.7774,0.7806,0,0,0,0.8444,0,-0.0638,0,1.28,0.08,0.78,1,0,plo15
P-kontrola,P,,412,28/07/2016,17/11/2016,16,pm,0.8714,0.9184,0.6245,0,0,0,0.8714,0,-0.2469,0,0.47,0.28,0.62,1,0,plo16
P-kontrola,P,,413,28/07/2016,17/11/2016,16,pm,0.8735,1.1692,0.7223,0,0,0,0.8735,0,-0.1512,0,0.62,0.17,0.72,1,0,plo17
P-kontrola,P,,414,28/07/2016,17/11/2016,16,pm,0.7858,0.9442,0.6457,0,0,0,0.7858,0,-0.1401,0,0.46,0.18,0.65,1,0,plo18
P-kontrola,P,,415,28/07/2016,17/11/2016,16,pm,0.88,1.8952,0.8493,0,0,0,0.88,0,-0.0307,0,1.23,0.03,0.85,1,0,plo19
P-kontrola,P,,416,28/07/2016,17/11/2016,16,pm,0.8621,1.8536,0.7949,0,0,0,0.8621,0,-0.0672,0,1.33,0.08,0.79,1,0,plo20
P-kontrola,P,,417,28/07/2016,17/11/2016,16,pm,0.8817,0.8258,0.553,0,0,0,0.8817,0,-0.3287,0,0.49,0.37,0.55,1,0,plo kont3
P-kontrola,P,,418,28/07/2016,17/11/2016,16,pm,0.8008,0.8651,0.5471,0,0,0,0.8008,0,-0.2537,0,0.58,0.32,0.55,1,0,plo kont3
P-kontrola,P,,419,28/07/2016,17/11/2016,16,pm,0.9253,0.9403,0.6099,0,0,0,0.9253,0,-0.3154,0,0.54,0.34,0.61,1,0,plo kont3
P-kontrola,P,,420,28/07/2016,17/11/2016,16,pm,0.9383,1.2463,0.765,0,0,0,0.9383,0,-0.1733,0,0.63,0.18,0.77,1,0,plo kont3
P-kontrola,P,,421,28/07/2016,17/11/2016,16,pm,0.8606,1.9769,0.8242,0,0,0,0.8606,0,-0.0364,0,1.4,0.04,0.82,1,0,plo kont4
P-kontrola,P,,422,28/07/2016,17/11/2016,16,pm,0.8182,0.9886,0.6219,0,0,0,0.8182,0,-0.1963,0,0.59,0.24,0.62,1,0,plo kont4
P-kontrola,P,,423,28/07/2016,17/11/2016,16,pm,0.8151,0.9959,0.6179,0,0,0,0.8151,0,-0.1972,0,0.61,0.24,0.62,1,0,plo kont4
P-kontrola,P,,424,28/07/2016,17/11/2016,16,gt,0.7825,0.7824,0.2439,0,0,0,0.7825,0,-0.5386,0,2.21,0.69,0.24,1,0,plo kont4
P-kontrola,P,,425,28/07/2016,17/11/2016,16,gt,0.8833,1.1325,0.5032,0,0,0,0.8833,0,-0.3801,0,1.25,0.43,0.5,1,0,tv13
P-kontrola,P,,426,28/07/2016,17/11/2016,16,gt,0.8864,1.9362,0.8426,0,0,0,0.8864,0,-0.0438,0,1.3,0.05,0.84,1,0,tv14
P-kontrola,P,,427,28/07/2016,17/11/2016,16,gt,0.7909,1.8088,0.7417,0,0,0,0.7909,0,-0.0492,0,1.44,0.06,0.74,1,0,tv15
P-kontrola,P,,428,28/07/2016,17/11/2016,16,gt,0.8332,0.7813,0.3506,0,0,0,0.8332,0,-0.4826,0,1.23,0.58,0.35,1,0,tv16
P-kontrola,P,,429,28/07/2016,17/11/2016,16,gt,0.876,1.6931,0.7326,0,0,0,0.876,0,-0.1434,0,1.31,0.16,0.73,1,0,tv17
P-kontrola,P,,430,28/07/2016,17/11/2016,16,gt,0.8342,1.7482,0.7139,0,0,0,0.8342,0,-0.1203,0,1.45,0.14,0.71,1,0,tv kont3
P-kontrola,P,,431,28/07/2016,17/11/2016,16,gt,0.862,1.7982,0.7576,0,0,0,0.862,0,-0.1044,0,1.37,0.12,0.76,1,0,tv kont3
P-kontrola,P,,432,28/07/2016,17/11/2016,16,gt,0.836,0.6918,0.2549,0,0,0,0.836,0,-0.5811,0,1.71,0.7,0.25,1,0,tv kont3
P-kontrola,P,,433,28/07/2016,17/11/2016,16,gt,0.8612,0.7043,0.3104,0,0,0,0.8612,0,-0.5508,0,1.27,0.64,0.31,1,0,tv kont3
P-kontrola,P,,434,28/07/2016,17/11/2016,16,gt,0.8211,1.7342,0.7089,0,0,0,0.8211,0,-0.1122,0,1.45,0.14,0.71,1,0,tv kont4
P-kontrola,P,,435,28/07/2016,17/11/2016,16,gt,0.8779,1.8395,0.8054,0,0,0,0.8779,0,-0.0725,0,1.28,0.08,0.81,1,0,tv kont4
P-kontrola,P,,436,28/07/2016,17/11/2016,16,gt,0.9066,1.699,0.7756,0,0,0,0.9066,0,-0.131,0,1.19,0.14,0.78,1,0,tv kont4
P-kontrola,P,,437,29/07/2016,23/09/2016,8,pm,0.8661,0.922,0.7343,0,0,0,0.8661,0,-0.1318,0,0.26,0.15,0.73,1,0,tv kont4
P-kontrola,P,,438,29/07/2016,23/09/2016,8,pm,0.862,0.915,0.7251,0,0,0,0.862,0,-0.1369,0,0.26,0.16,0.73,1,0,tv18
P-kontrola,P,,439,29/07/2016,23/09/2016,8,pm,0.8361,0.9032,0.7143,0,0,0,0.8361,0,-0.1218,0,0.26,0.15,0.71,1,0,tv19
P-kontrola,P,,440,29/07/2016,23/09/2016,8,pm,0.8084,0.9201,0.7122,0,0,0,0.8084,0,-0.0962,0,0.29,0.12,0.71,1,0,tv20
P-kontrola,P,,441,29/07/2016,23/09/2016,8,pm,0.8419,0.9201,0.7147,0,0,0,0.8419,0,-0.1272,0,0.29,0.15,0.71,1,0,pm1
P-kontrola,P,,442,29/07/2016,23/09/2016,8,pm,0.8299,0.9577,0.7458,0,0,0,0.8299,0,-0.0841,0,0.28,0.1,0.75,1,0,pm2
P-kontrola,P,,443,29/07/2016,23/09/2016,8,gt,0.8805,0.7871,0.3602,0,0,0,0.8805,0,-0.5203,0,1.19,0.59,0.36,1,0,pm3
P-kontrola,P,,444,29/07/2016,23/09/2016,8,gt,0.8306,0.9014,0.5101,0,0,0,0.8306,0,-0.3205,0,0.77,0.39,0.51,1,0,gt1
P-kontrola,P,,445,29/07/2016,23/09/2016,8,gt,0.9098,1.3511,0.7467,0,0,0,0.9098,0,-0.1631,0,0.81,0.18,0.75,1,0,gt2
P-kontrola,P,,446,29/07/2016,23/09/2016,8,gt,0.8143,0.7315,0.388,0,0,0,0.8143,0,-0.4263,0,0.89,0.52,0.39,1,0,gt3
P-kontrola,P,,447,29/07/2016,23/09/2016,8,gt,0.9122,1.139,0.7283,0,0,0,0.9122,0,-0.1839,0,0.56,0.2,0.73,1,0,gt4
P-kontrola,P,,448,04/08/2016,29/09/2016,8,gt,0.82,1.9337,0.7997,0,0,0,0.82,0,-0.0203,0,1.42,0.02,0.8,1,0,gt5
P-kontrola,P,,449,04/08/2016,29/09/2016,8,gt,0.8885,1.3084,0.6761,0,0,0,0.8885,0,-0.2124,0,0.94,0.24,0.68,1,0,pm4
P-kontrola,P,,450,04/08/2016,29/09/2016,8,gt,0.8914,0.8602,0.4891,0,0,0,0.8914,0,-0.4023,0,0.76,0.45,0.49,1,0,pm5
P-kontrola,P,,451,04/08/2016,29/09/2016,8,gt,0.7927,1.1714,0.6373,0,0,0,0.7927,0,-0.1554,0,0.84,0.2,0.64,1,0,pm6
P-kontrola,P,,452,04/08/2016,29/09/2016,8,gt,0.8561,0.9498,0.4495,0,0,0,0.8561,0,-0.4066,0,1.11,0.47,0.45,1,0,pm7
P-kontrola,P,,453,04/08/2016,29/09/2016,8,gt,0.8606,1.0986,0.6678,0,0,0,0.8606,0,-0.1928,0,0.65,0.22,0.67,1,0,pm8
P-kontrola,P,,454,04/08/2016,29/09/2016,8,gt,0.9187,1.3524,0.7496,0,0,0,0.9187,0,-0.1691,0,0.8,0.18,0.75,1,0,pm9
P-kontrola,P,,455,04/08/2016,29/09/2016,8,gt,0.8857,1.1464,0.6832,0,0,0,0.8857,0,-0.2025,0,0.68,0.23,0.68,1,0,pm10
P-kontrola,P,,456,04/08/2016,29/09/2016,8,gt,0.8745,1.2532,0.7039,0,0,0,0.8745,0,-0.1706,0,0.78,0.2,0.7,1,0,pm kont1
P-kontrola,P,,457,04/08/2016,29/09/2016,8,gt,0.8743,1.1043,0.6572,0,0,0,0.8743,0,-0.2171,0,0.68,0.25,0.66,1,0,pm kont1
P-kontrola,P,,458,04/08/2016,29/09/2016,8,gt,0.858,1.0801,0.622,0,0,0,0.858,0,-0.236,0,0.74,0.28,0.62,1,0,pm kont1
P-kontrola,P,,459,04/08/2016,29/09/2016,8,gt,0.8541,1.1535,0.703,0,0,0,0.8541,0,-0.1511,0,0.64,0.18,0.7,1,0,pm kont1
P-kontrola,P,,460,04/08/2016,29/09/2016,8,gt,0.903,1.2369,0.7014,0,0,0,0.903,0,-0.2016,0,0.76,0.22,0.7,1,0,pm kont2
P-kontrola,P,,461,04/08/2016,29/09/2016,8,pm,0.8852,1.1162,0.777,0,0,0,0.8852,0,-0.1082,0,0.44,0.12,0.78,1,0,pm kont2
P-kontrola,P,,462,04/08/2016,29/09/2016,8,pm,0.8724,1.0054,0.7172,0,0,0,0.8724,0,-0.1552,0,0.4,0.18,0.72,1,0,pm kont2
P-kontrola,P,,463,04/08/2016,29/09/2016,8,pm,0.833,0.998,0.7146,0,0,0,0.833,0,-0.1184,0,0.4,0.14,0.71,1,0,pm kont2
P-kontrola,P,,464,04/08/2016,29/09/2016,8,pm,0.9062,1.0515,0.7603,0,0,0,0.9062,0,-0.1459,0,0.38,0.16,0.76,1,0,gt6
P-kontrola,P,,465,04/08/2016,29/09/2016,8,pm,0.8386,1.4482,0.7688,0,0,0,0.8386,0,-0.0698,0,0.88,0.08,0.77,1,0,gt7
P-kontrola,P,,466,04/08/2016,29/09/2016,8,pm,0.8673,1.0596,0.7293,0,0,0,0.8673,0,-0.138,0,0.45,0.16,0.73,1,0,gt8
P-kontrola,P,,467,04/08/2016,29/09/2016,8,pm,0.9017,1.1438,0.7372,0,0,0,0.9017,0,-0.1645,0,0.55,0.18,0.74,1,0,gt9
P-kontrola,P,,468,04/08/2016,29/09/2016,8,pm,0.9236,1.1115,0.7555,0,0,0,0.9236,0,-0.1681,0,0.47,0.18,0.76,1,0,gt10
P-kontrola,P,,469,04/08/2016,29/09/2016,8,pm,0.9081,1.0855,0.7405,0,0,0,0.9081,0,-0.1676,0,0.47,0.18,0.74,1,0,gt kont1
P-kontrola,P,,470,04/08/2016,29/09/2016,8,pm,0.9391,1.1882,0.8245,0,0,0,0.9391,0,-0.1146,0,0.44,0.12,0.82,1,0,gt kont1
P-kontrola,P,,471,04/08/2016,29/09/2016,8,pm,0.8973,1.1025,0.7479,0,0,0,0.8973,0,-0.1494,0,0.47,0.17,0.75,1,0,gt kont1
P-kontrola,P,,472,04/08/2016,29/09/2016,8,pm,0.8891,1.7714,0.82,0,0,0,0.8891,0,-0.0691,0,1.16,0.08,0.82,1,0,gt kont1
P-LO-MB-1,P,LO,201,13/07/2016,02/11/2016,16,pm,1.3795,1.6355,1.121,0.5339,0.876,584,0.5035,0.6175,0.0304,0.7,0.46,0.19,0.59,0.52,0,gt kont2
P-LO-MB-10,P,LO,210,28/07/2016,17/11/2016,16,pm,1.4687,1.7221,1.1456,0.597,0.837,558,0.6317,0.5139,-0.0347,0.61,0.5,0.22,0.55,0.48,0,gt kont2
P-LO-MB-11,P,LO,211,28/07/2016,17/11/2016,16,pm,1.8091,2.1763,1.5174,1.0799,0.677,451,1.1321,0.3853,-0.0522,0.57,0.43,0.16,0.44,0.29,0,gt kont2
P-LO-MB-12,P,LO,212,28/07/2016,17/11/2016,16,pm,1.7905,2.1475,1.5278,1.0995,0.707,471,1.0835,0.4443,0.016,0.63,0.41,0.15,0.43,0.28,0,gt kont2
P-LO-MB-13,P,LO,213,28/07/2016,17/11/2016,16,pm,1.8304,2.171,1.5607,1.1917,0.686,457,1.1444,0.4163,0.0473,0.61,0.39,0.15,0.37,0.24,0,pm11
P-LO-MB-14,P,LO,214,28/07/2016,17/11/2016,16,pm,1.8041,2.1066,1.5335,1.0691,0.685,457,1.1191,0.4144,-0.05,0.6,0.37,0.15,0.46,0.3,0,pm12
P-LO-MB-15,P,LO,215,28/07/2016,17/11/2016,16,pm,1.8144,2.0983,1.5881,1.0756,0.688,459,1.1264,0.4617,-0.0508,0.67,0.32,0.12,0.51,0.32,0,pm13
P-LO-MB-16,P,LO,216,28/07/2016,17/11/2016,16,gt,1.8043,2.1521,1.6564,1.0678,0.728,485,1.0763,0.5801,-0.0085,0.8,0.3,0.08,0.59,0.36,0,pm14
P-LO-MB-17,P,LO,217,28/07/2016,17/11/2016,16,gt,1.8079,2.1888,1.6838,1.0761,0.74,493,1.0679,0.6159,0.0082,0.83,0.3,0.07,0.61,0.36,0,pm15
P-LO-MB-18,P,LO,218,28/07/2016,17/11/2016,16,gt,1.817,2.225,1.6855,1.1023,0.71,473,1.107,0.5785,-0.0047,0.81,0.32,0.07,0.58,0.35,0,pm16
P-LO-MB-19,P,LO,219,28/07/2016,17/11/2016,16,gt,1.7819,2.1796,1.6512,1.0491,0.726,484,1.0559,0.5953,-0.0068,0.82,0.32,0.07,0.6,0.36,0,gt11
P-LO-MB-2,P,LO,202,13/07/2016,02/11/2016,16,pm,1.4454,1.4803,1.1312,0.652,0.892,595,0.5534,0.5778,0.0986,0.65,0.31,0.22,0.48,0.42,0,gt12
P-LO-MB-20,P,LO,220,28/07/2016,17/11/2016,16,gt,1.7902,2.1977,1.6791,1.0752,0.724,483,1.0662,0.6129,0.009,0.85,0.31,0.06,0.6,0.36,0,gt13
P-LO-MB-21,P,LO,221,29/07/2016,23/09/2016,8,pm,1.7151,1.9445,1.593,1.0794,0.661,441,1.0541,0.5389,0.0253,0.82,0.22,0.07,0.51,0.32,0,gt14
P-LO-MB-22,P,LO,222,29/07/2016,23/09/2016,8,pm,1.763,1.9996,1.6267,1.0572,0.699,466,1.064,0.5627,-0.0068,0.81,0.23,0.08,0.57,0.35,0,gt15
P-LO-MB-23,P,LO,223,29/07/2016,23/09/2016,8,pm,1.7958,2.0325,1.667,1.1038,0.709,473,1.0868,0.5802,0.017,0.82,0.22,0.07,0.56,0.34,0,gt16
P-LO-MB-24,P,LO,224,29/07/2016,23/09/2016,8,pm,1.7525,1.9188,1.5868,1.0398,0.715,477,1.0375,0.5493,0.0023,0.77,0.21,0.09,0.55,0.34,0,gt17
P-LO-MB-25,P,LO,225,29/07/2016,23/09/2016,8,pm,1.8182,2.0404,1.6867,1.1599,0.671,447,1.1472,0.5395,0.0127,0.8,0.21,0.07,0.53,0.31,0,gt18
P-LO-MB-26,P,LO,226,29/07/2016,23/09/2016,8,pm,1.7737,1.981,1.6215,1.0179,0.694,463,1.0797,0.5418,-0.0618,0.78,0.22,0.09,0.6,0.37,0,gt19
P-LO-MB-27,P,LO,227,29/07/2016,23/09/2016,8,gt,1.8009,2.0255,1.6751,1.0517,0.819,546,0.9819,0.6932,0.0698,0.85,0.21,0.07,0.62,0.37,0,gt20
P-LO-MB-28,P,LO,228,29/07/2016,23/09/2016,8,gt,1.7664,2.0782,1.7173,1.0151,0.689,459,1.0774,0.6399,-0.0623,0.93,0.21,0.03,0.7,0.41,0,gt kont3
P-LO-MB-29,P,LO,229,29/07/2016,23/09/2016,8,gt,1.7891,2.1043,1.7314,1.1036,0.701,467,1.0881,0.6433,0.0155,0.92,0.22,0.03,0.63,0.36,0,gt kont3
P-LO-MB-3,P,LO,203,13/07/2016,02/11/2016,16,pm,1.3917,1.685,1.0766,0.6292,0.917,611,0.4747,0.6019,0.1545,0.66,0.57,0.23,0.45,0.42,0,gt kont3
P-LO-MB-30,P,LO,230,29/07/2016,23/09/2016,8,gt,1.8075,2.0966,1.7115,1.1074,0.714,476,1.0935,0.618,0.0139,0.87,0.23,0.05,0.6,0.35,0,gt kont3
P-LO-MB-31,P,LO,231,29/07/2016,23/09/2016,8,gt,1.799,2.1253,1.7536,1.1773,0.71,473,1.089,0.6646,0.0883,0.94,0.21,0.03,0.58,0.33,0,gt kont4
P-LO-MB-32,P,LO,232,04/08/2016,29/09/2016,8,gt,1.8187,2.177,1.6916,1.0737,0.729,486,1.0897,0.6019,-0.016,0.83,0.29,0.07,0.62,0.37,0,gt kont4
P-LO-MB-33,P,LO,233,04/08/2016,29/09/2016,8,gt,1.7798,2.1627,1.6856,1.1091,0.698,465,1.0818,0.6038,0.0273,0.87,0.28,0.05,0.58,0.34,0,gt kont4
P-LO-MB-34,P,LO,234,04/08/2016,29/09/2016,8,gt,1.7648,2.1579,1.7038,1.1447,0.695,463,1.0698,0.634,0.0749,0.91,0.27,0.03,0.56,0.33,0,gt kont4
P-LO-MB-35,P,LO,235,04/08/2016,29/09/2016,8,gt,1.789,2.1533,1.6788,1.1348,0.75,500,1.039,0.6398,0.0958,0.85,0.28,0.06,0.54,0.32,0,pm17
P-LO-MB-36,P,LO,236,04/08/2016,29/09/2016,8,gt,1.8037,2.1985,1.7399,1.1571,0.722,481,1.0817,0.6582,0.0754,0.91,0.26,0.04,0.58,0.33,0,pm18
P-LO-MB-37,P,LO,237,04/08/2016,29/09/2016,8,pm,1.7817,2.0976,1.5681,1.0589,0.734,489,1.0477,0.5204,0.0112,0.71,0.34,0.12,0.51,0.32,0,pm19
P-LO-MB-38,P,LO,238,04/08/2016,29/09/2016,8,pm,1.8175,2.1253,1.6553,1.0658,0.719,479,1.0985,0.5568,-0.0327,0.77,0.28,0.09,0.59,0.36,0,pm20
P-LO-MB-39,P,LO,239,04/08/2016,29/09/2016,8,pm,1.804,2.0804,1.6176,1.1502,0.698,465,1.106,0.5116,0.0442,0.73,0.29,0.1,0.47,0.29,0,pm kont3
P-LO-MB-4,P,LO,204,13/07/2016,02/11/2016,16,gt,1.3793,1.497,1.2147,0.6962,0.878,585,0.5013,0.7134,0.1949,0.81,0.23,0.12,0.52,0.43,0,pm kont3
P-LO-MB-40,P,LO,240,04/08/2016,29/09/2016,8,pm,1.7814,2.1144,1.598,1.0928,0.723,482,1.0584,0.5396,0.0344,0.75,0.32,0.1,0.51,0.32,0,pm kont3
P-LO-MB-5,P,LO,205,13/07/2016,02/11/2016,16,gt,1.313,1.7163,1.2558,0.6298,0.73,487,0.583,0.6728,0.0468,0.92,0.37,0.04,0.63,0.5,0,pm kont3
P-LO-MB-6,P,LO,206,13/07/2016,02/11/2016,16,gt,1.4172,1.7332,1.3081,0.6044,0.936,624,0.4812,0.8269,0.1232,0.88,0.32,0.08,0.7,0.54,0,pm kont4
P-LO-MB-7,P,LO,207,13/07/2016,02/11/2016,16,gt,1.4635,1.6824,1.2707,0.6685,0.948,632,0.5155,0.7552,0.153,0.8,0.32,0.13,0.6,0.47,0,pm kont4
P-LO-MB-8,P,LO,208,13/07/2016,02/11/2016,16,gt,1.4263,1.8008,1.3639,0.6585,0.924,616,0.5023,0.8616,0.1562,0.93,0.32,0.04,0.71,0.52,0,pm kont4
P-LO-MB-9,P,LO,209,28/07/2016,17/11/2016,16,pm,1.5063,1.7303,1.1799,0.5575,0.945,630,0.5613,0.6186,-0.0038,0.65,0.47,0.22,0.62,0.53,0,pm kont4