treatment,adhesive,orientation,no.,Gc,Et,C0,Fmax,Gf
control,EPI,R,1,0.719,755,0.00702,86.4,894
control,EPI,R,2,1.121,970,0.00545,149.6,1095
control,EPI,R,3,0.703,701,0.00764,88.2,923
control,EPI,R,4,1.187,801,0.00649,126.5,1388
control,EPI,R,5,0.661,717,0.00767,112.4,809
control,EPI,R,6,0.673,829,0.00696,113.3,1222
control,EPI,R,7,0.86,751,0.00716,133.7,1201
control,EPI,R,8,0.796,870,0.00593,133,1297
control,EPI,R,9,0.637,741,0.00775,104.7,1087
control,EPI,R,10,0.621,547,0.0096,100,880
control,MUF,R,11,0.369,977,0.0073,88.2,417
control,MUF,R,12,0.431,968,0.00751,89.3,955
control,MUF,R,13,0.424,1065,0.00711,85.4,474
control,MUF,R,14,0.533,887,0.00878,90.6,673
control,MUF,R,15,0.374,941,0.00716,88.2,320
control,MUF,R,16,0.365,880,0.00745,85,482
control,MUF,R,17,0.56,807,0.00804,91,632
control,MUF,R,18,0.475,853,0.00707,103.1,674
control,MUF,R,19,0.88,591,0.01007,96,797
control,MUF,R,20,0.595,806,0.00683,108,777
control,PUR,R,21,0.119,1003,0.00517,65,171
control,PUR,R,22,0.498,802,0.00645,91.4,597
control,PUR,R,23,0.287,928,0.00712,73.3,375
control,PUR,R,24,0.141,896,0.00607,64.2,272
control,PUR,R,25,0.223,1043,0.0049,79.1,177
control,PUR,R,26,0.232,864,0.00857,58.6,287
control,PUR,R,27,0.242,1004,0.006,70.3,247
control,PUR,R,28,0.253,831,0.00629,80.9,262
control,PUR,R,29,0.193,614,0.01022,50,237
control,PUR,R,30,0.33,1009,0.00546,85.7,286
control,EPI,T,31,0.382,1442,0.00515,109.1,301
control,EPI,T,32,0.455,1854,0.00319,161.2,456
control,EPI,T,33,0.234,1362,0.00527,89.8,296
control,EPI,T,34,0.442,1480,0.00512,108.8,344
control,EPI,T,35,0.387,1891,0.00418,120.2,492
control,EPI,T,36,0.476,1710,0.00414,130.7,758
control,EPI,T,37,0.474,1696,0.0041,115.8,420
control,EPI,T,38,0.889,1629,0.00419,155,898
control,EPI,T,39,0.301,1620,0.0051,92.4,345
control,EPI,T,40,0.502,1556,0.00514,114.8,542
control,MUF,T,41,0.384,1178,0.00527,107.4,576
control,MUF,T,42,0.757,1582,0.00384,129.6,561
control,MUF,T,43,0.472,1328,0.00462,127.3,744
control,MUF,T,44,0.588,1258,0.00482,132.9,696
control,MUF,T,45,0.207,1438,0.00455,88.8,446
control,MUF,T,46,0.656,1351,0.00491,123,932
control,MUF,T,47,0.392,1504,0.00397,114.1,637
control,MUF,T,48,0.503,1397,0.00508,124.3,553
control,MUF,T,49,0.393,1408,0.00434,111.5,581
control,MUF,T,50,0.353,1548,0.00443,106.4,446
control,PUR,T,51,0.193,811,0.00648,62.5,234
control,PUR,T,52,0.191,1178,0.00507,74.4,273
control,PUR,T,53,0.244,1677,0.00323,91.6,227
control,PUR,T,54,0.214,1152,0.00468,84.3,215
control,PUR,T,55,0.203,1351,0.00397,80.7,292
control,PUR,T,56,0.149,1032,0.0058,61.5,183
control,PUR,T,57,0.155,1507,0.00401,72.6,256
control,PUR,T,58,0.145,1647,0.00339,73.6,292
control,PUR,T,59,0.271,1517,0.00381,87.8,262
control,PUR,T,60,0.1552,1467,0.00399,70.4,235
70C,EPI,R,1,0.1491,778,0.00952,51.6,192
70C,EPI,R,2,0.2879,622,0.0086,62.9,363
70C,EPI,R,3,0.4188,614,0.0086,80.7,544
70C,EPI,R,4,0.2503,764,0.0094,67.5,487
70C,EPI,R,5,0.4255,761,0.0076,91.7,375
70C,EPI,R,6,0.3063,565,0.0095,71.3,491
70C,EPI,R,7,0.4443,726,0.0095,64.7,416
70C,EPI,R,8,0.5321,690,0.008,78.5,343
70C,EPI,R,9,0.4182,659,0.0083,74.4,522
70C,EPI,R,10,0.2313,750,0.0074,68.7,339
70C,MUF,R,11,0.203,748,0.0081,65.5,443
70C,MUF,R,12,0.482,806,0.0074,88,638
70C,MUF,R,13,0.32,733,0.0099,67,454
70C,MUF,R,14,0.46,741,0.0099,67.3,430
70C,MUF,R,15,0.707,746,0.0075,91.3,751
70C,MUF,R,16,0.169,722,0.0084,61.3,361
70C,MUF,R,17,0.735,835,0.007,100.4,721
70C,MUF,R,18,0.31,759,0.0103,66.6,333
70C,MUF,R,19,0.392,820,0.0084,75.3,384
70C,MUF,R,20,0.579,783,0.0083,90.1,583
70C,PUR,R,21,0.1688,889,0.0073,54.3,207
70C,PUR,R,22,0.1441,648,0.0075,49.5,174
70C,PUR,R,23,0.0889,735,0.0084,40.3,108
70C,PUR,R,24,0.1754,886,0.0057,52.6,181
70C,PUR,R,25,0.3047,1105,0.0072,53.8,259
70C,PUR,R,26,0.3413,677,0.0122,60.2,304
70C,PUR,R,27,0.2221,1049,0.0076,49,292
70C,PUR,R,28,0.2478,621,0.009,64,211
70C,PUR,R,29,0.1902,782,0.0069,53.6,229
70C,EPI,T,31,0.0749,2285,0.0028,45.3,64
70C,EPI,T,32,0.1515,1743,0.0045,42.8,67
70C,EPI,T,33,0.0489,2371,0.003,42,58
70C,EPI,T,34,0.1157,2142,0.0027,54.2,115
70C,EPI,T,35,0.1824,1738,0.0033,65.2,145
70C,EPI,T,36,0.1288,1972,0.0029,48.9,93
70C,EPI,T,37,0.1748,2499,0.0027,48.5,77
70C,EPI,T,38,0.2102,1132,0.0055,41.3,69
70C,EPI,T,39,0.0632,2539,0.0024,51.9,73
70C,EPI,T,40,0.1129,1641,0.0041,41.5,73
70C,MUF,T,41,0.1067,2047,0.0032,61.6,290
70C,MUF,T,42,0.0694,1907,0.003,55,143
70C,MUF,T,43,0.5236,2852,0.0024,99.6,653
70C,MUF,T,44,0.4076,3091,0.0022,87.2,466
70C,MUF,T,45,0.1544,2924,0.0026,60.8,421
70C,MUF,T,46,0.1684,2955,0.0024,65,305
70C,MUF,T,47,0.4076,3006,0.0026,72,366
70C,MUF,T,48,0.2242,2296,0.0029,65,223
70C,MUF,T,49,0.2462,2007,0.0032,58.4,272
70C,MUF,T,50,0.765,2819,0.0026,99.1,878
70C,PUR,T,51,0.168,2373,0.0025,65.3,215
70C,PUR,T,52,0.3095,1180,0.0052,45,245
70C,PUR,T,53,0.0344,1926,0.0039,27.7,85
70C,PUR,T,54,0.2073,1647,0.0039,43.9,120
70C,PUR,T,55,0.2216,1843,0.0032,51.4,112
70C,PUR,T,56,0.0938,1871,0.003,48.9,144
70C,PUR,T,57,0.1453,1725,0.0036,48.8,218
70C,PUR,T,58,0.1229,2425,0.0024,61.6,204
70C,PUR,T,59,0.1085,1937,0.0031,50.1,131
70C,PUR,T,60,0.1595,1821,0.0033,48.4,238
140C,EPI,R,1,0.1994,542,0.01154,48.3,376
140C,EPI,R,2,0.2879,613,0.00898,61.5,301
140C,EPI,R,3,0.2628,690,0.00796,59.8,232
140C,EPI,R,4,0.2343,691,0.01104,46.1,331
140C,EPI,R,5,0.2707,647,0.01032,56.3,539
140C,EPI,R,6,0.2024,583,0.00836,57.1,231
140C,EPI,R,7,0.3585,510,0.00739,83.5,438
140C,EPI,R,8,0.2819,533,0.01061,56.3,447
140C,EPI,R,9,0.4193,505,0.01052,69.4,440
140C,EPI,R,10,0.1678,436,0.01231,40.3,340
140C,MUF,R,11,0.3206,531,0.01512,37.5,211
140C,MUF,R,12,0.1739,625,0.0138,44.1,292
140C,MUF,R,13,0.3081,503,0.01111,46.8,400
140C,MUF,R,14,0.1391,594,0.01151,40.5,234
140C,MUF,R,15,0.2654,627,0.01401,51.2,328
140C,MUF,R,16,0.2277,609,0.00897,49.9,327
140C,MUF,R,17,0.2508,588,0.00931,51.1,382
140C,MUF,R,18,0.0753,639,0.00861,41.9,339
140C,MUF,R,19,0.0909,498,0.01259,32.1,254
140C,MUF,R,20,0.0524,458,0.01392,27.2,141
140C,PUR,R,21,0.238,500,0.01194,46.4,313
140C,PUR,R,22,0.1039,544,0.01022,32.7,191
140C,PUR,R,23,0.0617,509,0.00971,31.4,166
140C,PUR,R,24,0.1508,720,0.012070000000000001,36.8,191
140C,PUR,R,25,0.22,723,0.01133,43.8,241
140C,PUR,R,26,0.2466,705,0.01158,39.7,164
140C,PUR,R,27,0.2127,584,0.00963,48.8,334
140C,PUR,R,28,0.1679,531,0.01121,36.5,198
140C,EPI,T,31,0.0751,509,0.00992,28.4,89
140C,EPI,T,32,0.1267,835,0.01217,22.4,53
140C,EPI,T,33,0.0625,644,0.00946,31.5,103
140C,EPI,T,34,0.0982,811,0.00596,52.8,147
140C,EPI,T,35,0.0835,534,0.01133,22.7,50
140C,EPI,T,36,0.1133,978,0.00586,51.8,143
140C,EPI,T,37,0.0225,778,0.00741,22.1,47
140C,MUF,T,41,0.0805,964,0.00907,36.3,200
140C,MUF,T,42,0.3378,741,0.00904,51.2,239
140C,MUF,T,43,0.1051,751,0.01158,24.2,84
140C,MUF,T,44,0.317,852,0.00731,48.5,221
140C,MUF,T,45,0.2493,947,0.00687,41.2,200
140C,MUF,T,46,0.0475,832,0.00755,26.2,101
140C,MUF,T,47,0.0852,606,0.0098,26.9,93
140C,MUF,T,48,0.2778,1225,0.00572,47.7,339
140C,MUF,T,49,0.2587,858,0.00855,57.7,422
140C,MUF,T,50,0.0501,923,0.00827,29.6,150
140C,PUR,T,51,0.1149,934,0.00703,50.2,203
140C,PUR,T,52,0.0937,694,0.0092,38.6,168
140C,PUR,T,53,0.345,1094,0.00527,88.7,336
140C,PUR,T,54,0.07,822,0.00788,37.9,142
140C,PUR,T,55,0.0736,382,0.01477,25,121
140C,PUR,T,56,0.0857,881,0.00647,42.2,181
140C,PUR,T,57,0.0644,579,0.00993,29.9,186
140C,PUR,T,58,0.0923,1109,0.00532,55.8,204
