country_name,country_text_id,year,region,polyarchy,corruption,civil_liberties,prop_fem,quota
Mexico,MEX,2020,2,66.3,0.598,0.698,0.48200000000000004,TRUE
Suriname,SUR,2020,2,76,0.212,0.868,0.29410000000000003,FALSE
Sweden,SWE,2020,5,90.2,0.008,0.963,0.46990000000000004,FALSE
Switzerland,CHE,2020,5,90.2,0.022,0.953,0.42,FALSE
Ghana,GHA,2020,4,71.89999999999999,0.631,0.915,0.14550000000000002,FALSE
South Africa,ZAF,2020,4,72.3,0.404,0.829,0.4637,FALSE
Japan,JPN,2020,6,83.6,0.091,0.912,0.0989,FALSE
Burma/Myanmar,MMR,2020,6,42.699999999999996,0.383,0.494,0.16829999999999998,FALSE
Russia,RUS,2020,1,25.6,0.721,0.419,0.1578,FALSE
Albania,ALB,2020,1,52.6,0.689,0.886,0.29510000000000003,TRUE
Egypt,EGY,2020,3,17.5,0.737,0.209,0.2741,TRUE
Yemen,YEM,2020,3,11.4,0.92,0.128,0.0033,FALSE
Colombia,COL,2020,2,64.5,0.398,0.692,0.1882,TRUE
Poland,POL,2020,1,61.4,0.123,0.832,0.287,TRUE
Brazil,BRA,2020,2,69.89999999999999,0.536,0.683,0.1462,TRUE
United States of America,USA,2020,5,80.7,0.088,0.913,0.2725,FALSE
Portugal,PRT,2020,5,88.4,0.122,0.93,0.4,TRUE
El Salvador,SLV,2020,2,52.2,0.668,0.664,0.3333,TRUE
Bangladesh,BGD,2020,6,25.8,0.896,0.399,0.2086,TRUE
Bolivia,BOL,2020,2,33.1,0.652,0.716,0.5307999999999999,TRUE
Haiti,HTI,2020,2,37.1,0.848,0.638,0.0254,TRUE
Honduras,HND,2020,2,37.2,0.828,0.791,0.2109,TRUE
Mali,MLI,2020,4,43.1,0.809,0.76,0.2727,TRUE
Pakistan,PAK,2020,6,37.6,0.903,0.487,0.2018,TRUE
Peru,PER,2020,2,81.89999999999999,0.529,0.879,0.2615,TRUE
Senegal,SEN,2020,4,74.2,0.347,0.873,0.4303,TRUE
South Sudan,SSD,2020,4,16.900000000000002,0.93,0.179,0.2846,FALSE
Vietnam,VNM,2020,6,21.099999999999998,0.488,0.407,0.2672,FALSE
Afghanistan,AFG,2020,6,33.5,0.874,0.506,0.2702,TRUE
Argentina,ARG,2020,2,80.5,0.48,0.886,0.4241,TRUE
Ethiopia,ETH,2020,4,32.1,0.565,0.538,0.3876,FALSE
India,IND,2020,6,39.4,0.661,0.549,0.1444,FALSE
Kenya,KEN,2020,4,49.8,0.612,0.682,0.2161,TRUE
North Korea,PRK,2020,6,8.4,0.663,0.024,0.1761,FALSE
South Korea,KOR,2020,6,85.8,0.114,0.925,0.19,TRUE
Lebanon,LBN,2020,3,44,0.767,0.707,0.046900000000000004,FALSE
Nigeria,NGA,2020,4,51.300000000000004,0.935,0.651,0.0361,FALSE
Philippines,PHL,2020,6,42.5,0.779,0.515,0.2796,FALSE
Tanzania,TZA,2020,4,38.6,0.295,0.651,0.36719999999999997,TRUE
Thailand,THA,2020,6,19.8,0.705,0.382,0.1575,FALSE
Uganda,UGA,2020,4,30,0.768,0.453,0.3486,TRUE
Venezuela,VEN,2020,2,20.599999999999998,0.962,0.329,0.2216,TRUE
Benin,BEN,2020,4,41.099999999999994,0.183,0.816,0.0843,TRUE
Bhutan,BTN,2020,6,60,0.108,0.764,0.1489,FALSE
Burkina Faso,BFA,2020,4,66.3,0.453,0.821,0.063,TRUE
Cambodia,KHM,2020,6,19.2,0.895,0.353,0.21600000000000003,FALSE
Indonesia,IDN,2020,6,57.4,0.765,0.702,0.2104,TRUE
Mozambique,MOZ,2020,4,36.9,0.548,0.616,0.424,FALSE
Nepal,NPL,2020,6,59.8,0.667,0.765,0.3273,TRUE
Nicaragua,NIC,2020,2,21.9,0.938,0.229,0.48350000000000004,TRUE
Niger,NER,2020,4,54.900000000000006,0.57,0.774,0.259,TRUE
Zambia,ZMB,2020,4,35.4,0.44,0.715,0.1677,FALSE
Zimbabwe,ZWE,2020,4,29.4,0.795,0.416,0.3185,TRUE
Guinea,GIN,2020,4,29.5,0.853,0.351,0.16670000000000001,TRUE
Ivory Coast,CIV,2020,4,49.9,0.598,0.714,0.1137,FALSE
Mauritania,MRT,2020,4,39.2,0.841,0.631,0.2026,TRUE
Canada,CAN,2020,5,84.89999999999999,0.029,0.931,0.2959,FALSE
Australia,AUS,2020,5,84.3,0.032,0.923,0.31129999999999997,FALSE
Botswana,BWA,2020,4,58.599999999999994,0.096,0.875,0.10769999999999999,FALSE
Burundi,BDI,2020,4,16.8,0.891,0.174,0.3821,TRUE
Cape Verde,CPV,2020,4,79.4,0.262,0.92,0.2639,TRUE
Central African Republic,CAF,2020,4,37.7,0.826,0.496,0.0857,TRUE
Chile,CHL,2020,2,83.5,0.056,0.879,0.22579999999999997,TRUE
Costa Rica,CRI,2020,2,89.8,0.19,0.941,0.4561,TRUE
Timor-Leste,TLS,2020,6,67.7,0.298,0.815,0.3846,TRUE
Ecuador,ECU,2020,2,62.3,0.638,0.905,0.3942,TRUE
France,FRA,2020,5,86.6,0.058,0.915,0.3951,TRUE
Germany,DEU,2020,5,87.2,0.016,0.955,0.3145,FALSE
Guatemala,GTM,2020,2,58.699999999999996,0.757,0.737,0.1938,FALSE
Iran,IRN,2020,3,16.6,0.778,0.234,0.0559,FALSE
Iraq,IRQ,2020,3,37.1,0.874,0.405,0.2644,TRUE
Ireland,IRL,2020,5,89.3,0.032,0.958,0.225,TRUE
Italy,ITA,2020,5,86.6,0.181,0.91,0.35710000000000003,TRUE
Jordan,JOR,2020,3,25.7,0.496,0.648,0.11539999999999999,TRUE
Latvia,LVA,2020,1,82.69999999999999,0.1,0.948,0.29,FALSE
Lesotho,LSO,2020,4,63.5,0.477,0.808,0.23329999999999998,TRUE
Liberia,LBR,2020,4,63.4,0.86,0.849,0.1096,TRUE
Malawi,MWI,2020,4,53.900000000000006,0.654,0.867,0.22920000000000001,FALSE
Maldives,MDV,2020,6,57.3,0.478,0.736,0.046,FALSE
Mongolia,MNG,2020,1,63.3,0.692,0.865,0.17329999999999998,TRUE
Morocco,MAR,2020,3,25.6,0.646,0.612,0.2051,TRUE
Netherlands,NLD,2020,5,85.7,0.021,0.931,0.3333,FALSE
Panama,PAN,2020,2,73,0.508,0.87,0.2254,TRUE
Qatar,QAT,2020,3,3.9,0.369,0.428,0.09759999999999999,FALSE
Sierra Leone,SLE,2020,4,54.800000000000004,0.65,0.801,0.1233,FALSE
Spain,ESP,2020,5,87.3,0.034,0.942,0.44,TRUE
Syria,SYR,2020,3,13.900000000000002,0.919,0.07,0.11199999999999999,FALSE
Tunisia,TUN,2020,3,70.7,0.372,0.791,0.2657,TRUE
Türkiye,TUR,2020,3,29.099999999999998,0.854,0.372,0.17329999999999998,FALSE
Ukraine,UKR,2020,1,54.6,0.687,0.753,0.20800000000000002,TRUE
United Kingdom,GBR,2020,5,87,0.043,0.897,0.3385,FALSE
Uruguay,URY,2020,2,87,0.056,0.949,0.24239999999999998,TRUE
Algeria,DZA,2020,3,27.800000000000004,0.68,0.553,0.2597,TRUE
Angola,AGO,2020,4,33.5,0.623,0.606,0.2955,TRUE
Armenia,ARM,2020,1,77.9,0.303,0.901,0.2273,TRUE
Azerbaijan,AZE,2020,1,19.3,0.935,0.405,0.1736,FALSE
Belarus,BLR,2020,1,21.099999999999998,0.371,0.227,0.4,FALSE
Cameroon,CMR,2020,4,28.7,0.946,0.566,0.3389,FALSE
Chad,TCD,2020,4,27,0.938,0.354,0.15380000000000002,FALSE
China,CHN,2020,6,7.5,0.457,0.195,0.2494,TRUE
Democratic Republic of the Congo,COD,2020,4,35.3,0.912,0.515,0.128,TRUE
Republic of the Congo,COG,2020,4,25.5,0.806,0.345,0.11259999999999999,TRUE
Djibouti,DJI,2020,4,25,0.653,0.416,0.2615,TRUE
Dominican Republic,DOM,2020,2,64.3,0.616,0.884,0.2789,TRUE
Gabon,GAB,2020,4,37.3,0.821,0.807,0.162,TRUE
The Gambia,GMB,2020,4,49.6,0.325,0.84,0.0862,FALSE
Georgia,GEO,2020,1,61.8,0.127,0.903,0.20670000000000002,FALSE
Guinea-Bissau,GNB,2020,4,53.5,0.834,0.799,0.1373,TRUE
Jamaica,JAM,2020,2,81.39999999999999,0.164,0.908,0.2857,FALSE
Kazakhstan,KAZ,2020,1,24,0.835,0.511,0.271,FALSE
Kyrgyzstan,KGZ,2020,1,39,0.813,0.651,0.1709,TRUE
Laos,LAO,2020,6,12.6,0.741,0.139,0.2752,FALSE
Libya,LBY,2020,3,26.5,0.808,0.317,0.15960000000000002,TRUE
Madagascar,MDG,2020,4,50.1,0.827,0.745,0.1788,FALSE
Moldova,MDA,2020,1,65.10000000000001,0.545,0.827,0.2475,TRUE
Namibia,NAM,2020,4,63.4,0.285,0.872,0.44229999999999997,FALSE
Rwanda,RWA,2020,4,22.5,0.377,0.267,0.6125,TRUE
Somalia,SOM,2020,4,15.8,0.922,0.302,0.24359999999999998,TRUE
Sri Lanka,LKA,2020,6,57.8,0.61,0.671,0.0538,FALSE
Eswatini,SWZ,2020,4,13.3,0.495,0.316,0.0959,TRUE
Tajikistan,TJK,2020,1,17.299999999999997,0.837,0.216,0.23809999999999998,FALSE
Togo,TGO,2020,4,43.4,0.729,0.733,0.1868,TRUE
Trinidad and Tobago,TTO,2020,2,75.3,0.098,0.886,0.2619,FALSE
Turkmenistan,TKM,2020,1,15,0.909,0.107,0.25,FALSE
Uzbekistan,UZB,2020,1,20.5,0.777,0.361,0.3265,TRUE
Austria,AUT,2020,5,86,0.076,0.927,0.39890000000000003,FALSE
Bahrain,BHR,2020,3,11.700000000000001,0.552,0.278,0.15,FALSE
Barbados,BRB,2020,2,80.10000000000001,0.073,0.92,0.2,FALSE
Belgium,BEL,2020,5,89.7,0.031,0.954,0.42,TRUE
Bosnia and Herzegovina,BIH,2020,1,52.400000000000006,0.735,0.816,0.2619,TRUE
Bulgaria,BGR,2020,1,60.3,0.557,0.849,0.2708,FALSE
Comoros,COM,2020,4,28.9,0.848,0.514,0.16670000000000001,FALSE
Croatia,HRV,2020,1,77.3,0.292,0.863,0.31129999999999997,TRUE
Cuba,CUB,2020,2,17.9,0.576,0.305,0.5341,FALSE
Cyprus,CYP,2020,5,80.7,0.202,0.885,0.2143,FALSE
Czechia,CZE,2020,1,81.5,0.22,0.916,0.23,FALSE
Denmark,DNK,2020,5,91.7,0.002,0.939,0.39659999999999995,FALSE
Equatorial Guinea,GNQ,2020,4,17.8,0.858,0.204,0.23,FALSE
Estonia,EST,2020,1,89.60000000000001,0.032,0.959,0.2772,FALSE
Fiji,FJI,2020,6,40.8,0.29,0.69,0.2157,FALSE
Finland,FIN,2020,5,87.9,0.011,0.962,0.46,FALSE
Greece,GRC,2020,5,78.9,0.213,0.905,0.2167,TRUE
Guyana,GUY,2020,2,55.7,0.406,0.9,0.35710000000000003,TRUE
Hong Kong,HKG,2020,6,26.900000000000002,0.077,0.698,0.1429,FALSE
Iceland,ISL,2020,5,86.1,0.012,0.957,0.3968,FALSE
Israel,ISR,2020,3,72.8,0.123,0.845,0.2667,FALSE
Kuwait,KWT,2020,3,31.7,0.466,0.559,0.0154,FALSE
Lithuania,LTU,2020,1,80.7,0.115,0.924,0.2766,FALSE
Luxembourg,LUX,2020,5,87.6,0.027,0.922,0.31670000000000004,FALSE
North Macedonia,MKD,2020,1,60.099999999999994,0.668,0.818,0.3917,TRUE
Malaysia,MYS,2020,6,43.3,0.415,0.72,0.14859999999999998,FALSE
Malta,MLT,2020,5,77.10000000000001,0.194,0.893,0.1343,FALSE
Mauritius,MUS,2020,4,55.50000000000001,0.49,0.816,0.2,FALSE
Montenegro,MNE,2020,1,47.9,0.514,0.786,0.2469,TRUE
New Zealand,NZL,2020,5,88.3,0.009,0.952,0.4833,FALSE
Norway,NOR,2020,5,88.3,0.011,0.925,0.44380000000000003,FALSE
Oman,OMN,2020,3,17.299999999999997,0.252,0.438,0.0233,FALSE
Paraguay,PRY,2020,2,58.199999999999996,0.768,0.807,0.15,TRUE
Romania,ROU,2020,1,79.9,0.35,0.889,0.18539999999999998,FALSE
Sao Tome and Principe,STP,2020,4,69.19999999999999,0.279,0.905,0.2364,FALSE
Saudi Arabia,SAU,2020,3,1.5,0.393,0.149,0.19870000000000002,TRUE
Serbia,SRB,2020,1,35.099999999999994,0.672,0.779,0.392,TRUE
Seychelles,SYC,2020,4,66.7,0.076,0.854,0.2286,FALSE
Singapore,SGP,2020,6,40,0.007,0.71,0.29469999999999996,FALSE
Slovakia,SVK,2020,1,84.3,0.211,0.892,0.2267,FALSE
Slovenia,SVN,2020,1,75.4,0.136,0.87,0.2667,TRUE
Solomon Islands,SLB,2020,6,62,0.644,0.827,0.08,TRUE
United Arab Emirates,ARE,2020,3,10.299999999999999,0.116,0.392,0.5,TRUE
Hungary,HUN,2020,1,46.800000000000004,0.48,0.827,0.12560000000000002,FALSE
Zanzibar,ZZB,2020,4,27.1,0.693,0.589,0.3636,TRUE
