density,treatment,str
0.3531605332169062,A,911.0372370590252
0.4343341125697702,B,961.5999416880923
0.40368789116736087,C,875.358790927219
0.54653985694012,A,914.4165041886234
0.5827528252135993,B,940.5553844964293
0.5860721435847878,C,865.6005596803136
0.2646535728426616,A,937.1688177707524
0.40036554934492014,B,931.4930632718595
0.5184345267678283,C,893.6208556997276
0.4881857051970915,A,903.2905908517329
0.5438999274649438,B,934.1200222703452
0.3792775300238054,C,889.2330141253691
0.49750707890170853,A,927.6873425059755
0.2829619984359289,B,951.6088382885921
0.3927539866757195,C,887.9466035043044
0.4929658536824321,A,916.2090266056854
0.4010468419474645,B,940.4996001251703
0.4266910430125949,C,866.8042840881827
0.3131020069824962,A,921.2041639986903
0.4371429220293644,B,962.3105381700299
0.39341367908673464,C,905.9645365423204
0.37355639323479406,A,894.9082015864624
0.5374708723125553,B,934.9473127459934
0.44539735529531743,C,883.8437949980406
0.5398771501957541,A,925.5335769607137
0.3950573445223373,B,937.1711698853707
0.35472413482756454,C,900.3186228790888
0.44278431888454073,A,895.2760718177193
0.26964412031970747,B,948.102942563349
0.2487282220702951,C,910.7489087154628
0.4490188536214536,A,891.8952721921881
0.5341774986712718,B,951.7256290379477
0.6271517913013219,C,927.8167849912295
0.5374261095447214,A,899.1909389017165
0.4121668824183311,B,981.0791985537048
0.29744574061673384,C,860.5077435692849
0.45383623415782703,A,900.6656268559357
0.36544703108104587,B,975.6620464311255
0.4395534896700479,C,871.9711146930616
0.29979729991542187,A,913.8492079680552
0.46891308614969596,B,959.1881614916254
0.37383022623062606,C,885.5759803042647
0.40170604884494987,A,919.796481781167
0.4837071700534766,B,935.0627452965123
0.3075705476875119,C,901.4964279145507
0.33723444730519186,A,894.1556474343223
0.3117198609970032,B,962.3119187649102
0.3972722195036013,C,914.0437364122693
0.4661588893358977,A,897.9878883068936
0.3752448386466696,B,944.010933903643
0.43598268054124223,C,874.893972796092
0.6068737381665661,A,929.2311077063965
0.3932673888940581,B,962.443046249859
0.3079914724578275,C,883.3291088281261
0.3890621059293895,A,925.3597393824328
0.5487183851199473,B,971.3324916738475
0.2591654123377231,C,903.3043914493975
0.721656203128546,A,910.09818960238
0.3688800955228124,B,935.0109748650182
0.35474699810256555,C,879.4256771463404
0.45581595892333143,A,987.852474676141
0.6061082134951747,B,1039.3392229452224
0.40381965745908444,C,956.850110704582
0.44243379308414793,A,994.0544898678789
0.157951056716405,B,1016.2294326390729
0.4814205868308912,C,973.4402422507044
0.44069316512150974,A,991.6671154587178
0.3037549473731141,B,980.2580271575231
0.36831825783483774,C,958.7760089844327
0.5698735360545789,A,967.8477481825142
0.4563058851751172,B,1026.013813661245
0.6262661141133253,C,938.4513513520676
0.5949923767004803,A,1005.8422001903832
0.3991136809993677,B,1018.6451344120795
0.3600799340740872,C,973.8238875125395
0.4440145932500101,A,932.901396311833
0.49033652021971963,B,1012.0999350554845
0.40964933530079317,C,949.2436178630937
0.31946241008569753,A,992.5218064261269
0.12058557781724621,B,1020.27720848592
0.5601046406023673,C,952.2769890269361
0.3364066303626913,A,1003.6257298722693
0.10699273030693757,B,1031.052269605595
0.3498253042089593,C,958.2711218871735
0.33700186364911056,A,973.4461582977492
0.30927200157837564,B,1038.92067939156
0.45806641288472305,C,958.5050122344483
0.29596573793800907,A,1001.5185550087743
0.6507638457995456,B,1005.4725539977289
0.602064167086176,C,963.8714569449543
0.3309205979179508,A,988.907177331868
0.557059950628436,B,1004.7122245075485
0.5813526852696737,C,965.660682236648
0.42993980018817807,A,969.012261659984
0.2825921363401671,B,1036.8380791615705
0.47292885539456736,C,972.8709944701548
0.7686075898179007,A,987.8476161713554
0.49963884728928926,B,1017.1253220626147
0.4318211434058542,C,988.1701284581685
0.34156771714389256,A,1003.0039872939258
0.5364077543320396,B,1008.659642734466
0.5603688144673294,C,981.2905775003676
0.3974309441978324,A,991.1552043542505
0.2584186843457906,B,1004.7379054101048
0.4128393459792057,C,978.9721695247816
0.410780365311924,A,1025.7979792530039
0.47867189864282944,B,1033.457894968029
0.3921429940630139,C,941.9455359748803
0.5312929895783571,A,956.570904097887
0.5131840727992568,B,994.14010291816885
0.37909479501218135,C,945.8087690141602
0.5843090954267647,A,1001.4538893182936
0.4763200118555567,B,988.4231524535893
0.4273428602685332,C,957.4414987415114
0.6864571916320357,A,987.5525699365369
0.41255673981472,B,1040.1573571345734
0.40899953833630764,C,962.9245476964027
0.4435602626600124,A,979.090494741168
0.28900939523980773,B,1039.1757402290823
0.3858694293855362,C,963.2366923120599
0.11828506611038457,A,804.4358623114849
0.3489565917932134,B,840.7498476059092
0.37206231717209215,C,808.8871109746094
0.3043090685802431,A,796.6581276319201
0.2664470963643292,B,838.972472532687
0.35254431908305345,C,770.0144792648715
0.4816854816431715,A,785.6324810340836
0.34571070276606986,B,816.6961196270754
0.46471376256282365,C,765.1294494435178
0.28283033186067197,A,807.8698015972129
0.4050912178052688,B,792.4919214588632
0.3101688606034299,C,813.1357890486779
0.4520265990596919,A,801.8147463012263
0.2897981408695256,B,848.9553555568422
0.47387171552397017,C,765.2105138837358
0.33426486338954703,A,814.6039575934126
0.4812784784795887,B,860.2665459576673
0.49201009512625177,C,778.8208032036742
0.2407517606806648,A,795.9291564447069
0.4797158645714759,B,826.6571702724654
0.2960946223818434,C,767.0100397764581
0.30823634743715905,A,793.0112643959983
0.4181989829251748,B,840.5826229666264
0.46089104609158954,C,759.4683869631141
0.17422907959526157,A,788.2398418696683
0.4294423204723576,B,827.1994953136782
0.2934166288843327,C,781.0038575168522
0.3586649966980825,A,790.8515173491636
0.6855067373985002,B,820.171966477764
0.22295451200490318,C,756.8292962883686
0.2920170807670878,A,810.1680392991664
0.41747395075882704,B,829.8172162775223
0.36866592816478894,C,758.5333063480531
0.4403819713826843,A,775.0553900691956
0.26913890937429263,B,825.7226776398044
0.3887199370555452,C,799.912043898588
0.37073182621379996,A,806.5221708145617
0.3466507378583899,B,817.6973179024882
0.4374598879779045,C,787.2753022282129
0.5382565602872574,A,791.0143126622094
0.34122426706432796,B,856.3119367016471
0.354032059203759,C,766.6261436567653
0.46762366623241813,A,777.6599554688573
0.2097404898421602,B,816.7221854514997
0.41177009236612033,C,766.8320317065765
0.3159125335338653,A,781.6183919057806
0.3714845476727431,B,842.45084473079
0.337564991944809,C,764.1230998597133
0.5164698082947783,A,774.778384401481
0.29670753839898967,B,823.4990866362753
0.28252106503180574,C,746.2678254730288
0.46016247301389246,A,800.9176431346572
0.32022383988839753,B,815.9307510039625
0.2976642762620954,C,775.9225146819585
0.38014018078953327,A,786.7530688140611
0.3410931178354426,B,866.3779005174174
0.4635151951324118,C,750.2243879646597
0.2410181144218698,A,795.6628564517825
0.37998275222499733,B,824.9712446719069
0.29819837868207183,C,788.5080207194834
