Value,Dimension,Panel
-1,boring-interesting,2waycladding
0,boring-interesting,2waycladding
0,boring-interesting,2waycladding
2,boring-interesting,2waycladding
2,boring-interesting,2waycladding
-1,boring-interesting,2waycladding
1,boring-interesting,2waycladding
-1,boring-interesting,2waycladding
-1,boring-interesting,2waycladding
1,boring-interesting,2waycladding
1,boring-interesting,2waycladding
2,boring-interesting,2waycladding
1,boring-interesting,2waycladding
2,boring-interesting,2waycladding
2,boring-interesting,2waycladding
-1,boring-interesting,2waycladding
-2,boring-interesting,2waycladding
-1,boring-interesting,2waycladding
0,boring-interesting,2waycladding
2,boring-interesting,2waycladding
0,boring-interesting,2waycladding
1,boring-interesting,2waycladding
-1,boring-interesting,2waycladding
0,boring-interesting,2waycladding
1,boring-interesting,2waycladding
-1,boring-interesting,2waycladding
1,boring-interesting,2waycladding
2,boring-interesting,2waycladding
0,boring-interesting,2waycladding
2,boring-interesting,2waycladding
2,boring-interesting,2waycladding
1,boring-interesting,2waycladding
0,boring-interesting,2waycladding
1,boring-interesting,2waycladding
0,boring-interesting,2waycladding
2,boring-interesting,2waycladding
1,boring-interesting,2waycladding
1,boring-interesting,2waycladding
0,boring-interesting,2waycladding
1,boring-interesting,2waycladding
2,boring-interesting,2waycladding
0,boring-interesting,2waycladding
1,boring-interesting,2waycladding
0,boring-interesting,2waycladding
0,boring-interesting,2waycladding
-2,boring-interesting,2waycladding
2,boring-interesting,2waycladding
2,boring-interesting,2waycladding
2,boring-interesting,2waycladding
2,boring-interesting,2waycladding
1,boring-interesting,2waycladding
1,boring-interesting,2waycladding
1,boring-interesting,2waycladding
1,boring-interesting,2waycladding
-1,boring-interesting,2waycladding
1,boring-interesting,2waycladding
2,boring-interesting,2waycladding
1,boring-interesting,2waycladding
1,boring-interesting,2waycladding
-2,boring-interesting,2waycladding
-2,boring-interesting,2waycladding
2,boring-interesting,2waycladding
-1,boring-interesting,2waycladding
0,boring-interesting,2waycladding
2,boring-interesting,2waycladding
2,boring-interesting,2waycladding
0,boring-interesting,2waycladding
1,boring-interesting,2waycladding
1,boring-interesting,2waycladding
2,boring-interesting,2waycladding
2,boring-interesting,2waycladding
2,boring-interesting,2waycladding
0,boring-interesting,2waycladding
2,boring-interesting,2waycladding
0,boring-interesting,2waycladding
1,boring-interesting,2waycladding
0,boring-interesting,2waycladding
1,boring-interesting,2waycladding
2,boring-interesting,2waycladding
2,boring-interesting,2waycladding
-1,boring-interesting,2waycladding
0,boring-interesting,2waycladding
-2,boring-interesting,2waycladding
1,boring-interesting,2waycladding
-1,boring-interesting,2waycladding
0,boring-interesting,2waycladding
-1,boring-interesting,2waycladding
1,boring-interesting,2waycladding
-1,boring-interesting,2waycladding
2,boring-interesting,brownverticals
2,boring-interesting,brownverticals
2,boring-interesting,brownverticals
2,boring-interesting,brownverticals
1,boring-interesting,brownverticals
2,boring-interesting,brownverticals
0,boring-interesting,brownverticals
1,boring-interesting,brownverticals
1,boring-interesting,brownverticals
1,boring-interesting,brownverticals
2,boring-interesting,brownverticals
2,boring-interesting,brownverticals
1,boring-interesting,brownverticals
2,boring-interesting,brownverticals
1,boring-interesting,brownverticals
0,boring-interesting,brownverticals
2,boring-interesting,brownverticals
1,boring-interesting,brownverticals
0,boring-interesting,brownverticals
0,boring-interesting,brownverticals
2,boring-interesting,brownverticals
1,boring-interesting,brownverticals
2,boring-interesting,brownverticals
1,boring-interesting,brownverticals
2,boring-interesting,brownverticals
2,boring-interesting,brownverticals
2,boring-interesting,brownverticals
1,boring-interesting,brownverticals
1,boring-interesting,brownverticals
0,boring-interesting,brownverticals
2,boring-interesting,brownverticals
2,boring-interesting,brownverticals
1,boring-interesting,brownverticals
1,boring-interesting,brownverticals
2,boring-interesting,brownverticals
2,boring-interesting,brownverticals
2,boring-interesting,brownverticals
2,boring-interesting,brownverticals
2,boring-interesting,brownverticals
2,boring-interesting,brownverticals
1,boring-interesting,brownverticals
2,boring-interesting,brownverticals
1,boring-interesting,brownverticals
2,boring-interesting,brownverticals
2,boring-interesting,brownverticals
2,boring-interesting,brownverticals
1,boring-interesting,brownverticals
0,boring-interesting,brownverticals
1,boring-interesting,brownverticals
2,boring-interesting,brownverticals
2,boring-interesting,brownverticals
1,boring-interesting,brownverticals
2,boring-interesting,brownverticals
2,boring-interesting,brownverticals
2,boring-interesting,brownverticals
1,boring-interesting,brownverticals
-2,boring-interesting,brownverticals
2,boring-interesting,brownverticals
2,boring-interesting,brownverticals
2,boring-interesting,brownverticals
2,boring-interesting,brownverticals
2,boring-interesting,brownverticals
2,boring-interesting,brownverticals
2,boring-interesting,brownverticals
0,boring-interesting,brownverticals
2,boring-interesting,brownverticals
2,boring-interesting,brownverticals
1,boring-interesting,brownverticals
2,boring-interesting,brownverticals
1,boring-interesting,brownverticals
2,boring-interesting,brownverticals
2,boring-interesting,brownverticals
2,boring-interesting,brownverticals
2,boring-interesting,brownverticals
2,boring-interesting,brownverticals
0,boring-interesting,brownverticals
0,boring-interesting,brownverticals
0,boring-interesting,brownverticals
2,boring-interesting,brownverticals
2,boring-interesting,brownverticals
1,boring-interesting,brownverticals
1,boring-interesting,brownverticals
2,boring-interesting,brownverticals
1,boring-interesting,brownverticals
0,boring-interesting,brownverticals
2,boring-interesting,brownverticals
0,boring-interesting,brownverticals
1,boring-interesting,brownverticals
1,boring-interesting,brownverticals
1,boring-interesting,brownverticals
0,boring-interesting,oakverticals
2,boring-interesting,oakverticals
0,boring-interesting,oakverticals
2,boring-interesting,oakverticals
-1,boring-interesting,oakverticals
2,boring-interesting,oakverticals
0,boring-interesting,oakverticals
0,boring-interesting,oakverticals
1,boring-interesting,oakverticals
1,boring-interesting,oakverticals
1,boring-interesting,oakverticals
-1,boring-interesting,oakverticals
2,boring-interesting,oakverticals
2,boring-interesting,oakverticals
-1,boring-interesting,oakverticals
0,boring-interesting,oakverticals
0,boring-interesting,oakverticals
1,boring-interesting,oakverticals
-2,boring-interesting,oakverticals
0,boring-interesting,oakverticals
2,boring-interesting,oakverticals
0,boring-interesting,oakverticals
2,boring-interesting,oakverticals
0,boring-interesting,oakverticals
1,boring-interesting,oakverticals
0,boring-interesting,oakverticals
1,boring-interesting,oakverticals
1,boring-interesting,oakverticals
1,boring-interesting,oakverticals
1,boring-interesting,oakverticals
2,boring-interesting,oakverticals
1,boring-interesting,oakverticals
0,boring-interesting,oakverticals
0,boring-interesting,oakverticals
2,boring-interesting,oakverticals
0,boring-interesting,oakverticals
1,boring-interesting,oakverticals
1,boring-interesting,oakverticals
0,boring-interesting,oakverticals
-2,boring-interesting,oakverticals
1,boring-interesting,oakverticals
0,boring-interesting,oakverticals
1,boring-interesting,oakverticals
0,boring-interesting,oakverticals
2,boring-interesting,oakverticals
1,boring-interesting,oakverticals
0,boring-interesting,oakverticals
2,boring-interesting,oakverticals
1,boring-interesting,oakverticals
0,boring-interesting,oakverticals
-1,boring-interesting,oakverticals
0,boring-interesting,oakverticals
0,boring-interesting,oakverticals
0,boring-interesting,oakverticals
-1,boring-interesting,oakverticals
-2,boring-interesting,oakverticals
-1,boring-interesting,oakverticals
0,boring-interesting,oakverticals
-1,boring-interesting,oakverticals
2,boring-interesting,oakverticals
1,boring-interesting,oakverticals
0,boring-interesting,oakverticals
1,boring-interesting,oakverticals
0,boring-interesting,oakverticals
2,boring-interesting,oakverticals
2,boring-interesting,oakverticals
0,boring-interesting,oakverticals
2,boring-interesting,oakverticals
2,boring-interesting,oakverticals
2,boring-interesting,oakverticals
0,boring-interesting,oakverticals
2,boring-interesting,oakverticals
2,boring-interesting,oakverticals
2,boring-interesting,oakverticals
-2,boring-interesting,oakverticals
-1,boring-interesting,oakverticals
0,boring-interesting,oakverticals
0,boring-interesting,oakverticals
1,boring-interesting,oakverticals
2,boring-interesting,oakverticals
0,boring-interesting,oakverticals
1,boring-interesting,oakverticals
1,boring-interesting,oakverticals
1,boring-interesting,oakverticals
0,boring-interesting,oakverticals
1,boring-interesting,oakverticals
0,boring-interesting,oakverticals
0,boring-interesting,oakverticals
-1,boring-interesting,oakverticals
1,boring-interesting,cleavedpattern
2,boring-interesting,cleavedpattern
2,boring-interesting,cleavedpattern
2,boring-interesting,cleavedpattern
0,boring-interesting,cleavedpattern
2,boring-interesting,cleavedpattern
2,boring-interesting,cleavedpattern
1,boring-interesting,cleavedpattern
0,boring-interesting,cleavedpattern
2,boring-interesting,cleavedpattern
2,boring-interesting,cleavedpattern
2,boring-interesting,cleavedpattern
2,boring-interesting,cleavedpattern
2,boring-interesting,cleavedpattern
2,boring-interesting,cleavedpattern
2,boring-interesting,cleavedpattern
1,boring-interesting,cleavedpattern
2,boring-interesting,cleavedpattern
1,boring-interesting,cleavedpattern
2,boring-interesting,cleavedpattern
2,boring-interesting,cleavedpattern
1,boring-interesting,cleavedpattern
2,boring-interesting,cleavedpattern
2,boring-interesting,cleavedpattern
2,boring-interesting,cleavedpattern
2,boring-interesting,cleavedpattern
1,boring-interesting,cleavedpattern
1,boring-interesting,cleavedpattern
2,boring-interesting,cleavedpattern
1,boring-interesting,cleavedpattern
2,boring-interesting,cleavedpattern
2,boring-interesting,cleavedpattern
0,boring-interesting,cleavedpattern
2,boring-interesting,cleavedpattern
2,boring-interesting,cleavedpattern
1,boring-interesting,cleavedpattern
2,boring-interesting,cleavedpattern
2,boring-interesting,cleavedpattern
2,boring-interesting,cleavedpattern
2,boring-interesting,cleavedpattern
2,boring-interesting,cleavedpattern
1,boring-interesting,cleavedpattern
2,boring-interesting,cleavedpattern
2,boring-interesting,cleavedpattern
1,boring-interesting,cleavedpattern
1,boring-interesting,cleavedpattern
2,boring-interesting,cleavedpattern
2,boring-interesting,cleavedpattern
2,boring-interesting,cleavedpattern
0,boring-interesting,cleavedpattern
1,boring-interesting,cleavedpattern
2,boring-interesting,cleavedpattern
2,boring-interesting,cleavedpattern
2,boring-interesting,cleavedpattern
-1,boring-interesting,cleavedpattern
2,boring-interesting,cleavedpattern
2,boring-interesting,cleavedpattern
2,boring-interesting,cleavedpattern
2,boring-interesting,cleavedpattern
1,boring-interesting,cleavedpattern
2,boring-interesting,cleavedpattern
1,boring-interesting,cleavedpattern
1,boring-interesting,cleavedpattern
0,boring-interesting,cleavedpattern
2,boring-interesting,cleavedpattern
2,boring-interesting,cleavedpattern
2,boring-interesting,cleavedpattern
2,boring-interesting,cleavedpattern
2,boring-interesting,cleavedpattern
2,boring-interesting,cleavedpattern
2,boring-interesting,cleavedpattern
1,boring-interesting,cleavedpattern
2,boring-interesting,cleavedpattern
2,boring-interesting,cleavedpattern
1,boring-interesting,cleavedpattern
2,boring-interesting,cleavedpattern
1,boring-interesting,cleavedpattern
2,boring-interesting,cleavedpattern
2,boring-interesting,cleavedpattern
2,boring-interesting,cleavedpattern
2,boring-interesting,cleavedpattern
1,boring-interesting,cleavedpattern
2,boring-interesting,cleavedpattern
1,boring-interesting,cleavedpattern
2,boring-interesting,cleavedpattern
1,boring-interesting,cleavedpattern
2,boring-interesting,cleavedpattern
2,boring-interesting,cleavedpattern
2,boring-interesting,cleavedpattern
0,boring-interesting,singlebrown
2,boring-interesting,singlebrown
1,boring-interesting,singlebrown
2,boring-interesting,singlebrown
1,boring-interesting,singlebrown
0,boring-interesting,singlebrown
1,boring-interesting,singlebrown
1,boring-interesting,singlebrown
1,boring-interesting,singlebrown
0,boring-interesting,singlebrown
1,boring-interesting,singlebrown
0,boring-interesting,singlebrown
0,boring-interesting,singlebrown
2,boring-interesting,singlebrown
0,boring-interesting,singlebrown
0,boring-interesting,singlebrown
-2,boring-interesting,singlebrown
-2,boring-interesting,singlebrown
-1,boring-interesting,singlebrown
2,boring-interesting,singlebrown
1,boring-interesting,singlebrown
-1,boring-interesting,singlebrown
1,boring-interesting,singlebrown
1,boring-interesting,singlebrown
2,boring-interesting,singlebrown
0,boring-interesting,singlebrown
1,boring-interesting,singlebrown
0,boring-interesting,singlebrown
1,boring-interesting,singlebrown
2,boring-interesting,singlebrown
0,boring-interesting,singlebrown
1,boring-interesting,singlebrown
-1,boring-interesting,singlebrown
0,boring-interesting,singlebrown
1,boring-interesting,singlebrown
2,boring-interesting,singlebrown
1,boring-interesting,singlebrown
1,boring-interesting,singlebrown
0,boring-interesting,singlebrown
1,boring-interesting,singlebrown
0,boring-interesting,singlebrown
0,boring-interesting,singlebrown
1,boring-interesting,singlebrown
2,boring-interesting,singlebrown
-2,boring-interesting,singlebrown
-1,boring-interesting,singlebrown
2,boring-interesting,singlebrown
-1,boring-interesting,singlebrown
-1,boring-interesting,singlebrown
-1,boring-interesting,singlebrown
-1,boring-interesting,singlebrown
1,boring-interesting,singlebrown
-1,boring-interesting,singlebrown
-2,boring-interesting,singlebrown
-2,boring-interesting,singlebrown
0,boring-interesting,singlebrown
2,boring-interesting,singlebrown
-2,boring-interesting,singlebrown
0,boring-interesting,singlebrown
-1,boring-interesting,singlebrown
2,boring-interesting,singlebrown
2,boring-interesting,singlebrown
0,boring-interesting,singlebrown
2,boring-interesting,singlebrown
0,boring-interesting,singlebrown
2,boring-interesting,singlebrown
1,boring-interesting,singlebrown
1,boring-interesting,singlebrown
2,boring-interesting,singlebrown
1,boring-interesting,singlebrown
2,boring-interesting,singlebrown
-1,boring-interesting,singlebrown
2,boring-interesting,singlebrown
-1,boring-interesting,singlebrown
-2,boring-interesting,singlebrown
1,boring-interesting,singlebrown
0,boring-interesting,singlebrown
1,boring-interesting,singlebrown
2,boring-interesting,singlebrown
-1,boring-interesting,singlebrown
0,boring-interesting,singlebrown
0,boring-interesting,singlebrown
1,boring-interesting,singlebrown
1,boring-interesting,singlebrown
-1,boring-interesting,singlebrown
-2,boring-interesting,singlebrown
1,boring-interesting,singlebrown
-1,boring-interesting,singlebrown
-2,boring-interesting,osb
-2,boring-interesting,osb
-2,boring-interesting,osb
-1,boring-interesting,osb
-1,boring-interesting,osb
2,boring-interesting,osb
-1,boring-interesting,osb
-1,boring-interesting,osb
0,boring-interesting,osb
-1,boring-interesting,osb
0,boring-interesting,osb
0,boring-interesting,osb
0,boring-interesting,osb
-2,boring-interesting,osb
0,boring-interesting,osb
0,boring-interesting,osb
0,boring-interesting,osb
0,boring-interesting,osb
-2,boring-interesting,osb
-1,boring-interesting,osb
-2,boring-interesting,osb
-1,boring-interesting,osb
-1,boring-interesting,osb
-2,boring-interesting,osb
1,boring-interesting,osb
-1,boring-interesting,osb
0,boring-interesting,osb
1,boring-interesting,osb
-1,boring-interesting,osb
-1,boring-interesting,osb
1,boring-interesting,osb
0,boring-interesting,osb
1,boring-interesting,osb
-2,boring-interesting,osb
0,boring-interesting,osb
-2,boring-interesting,osb
0,boring-interesting,osb
2,boring-interesting,osb
0,boring-interesting,osb
0,boring-interesting,osb
-2,boring-interesting,osb
-1,boring-interesting,osb
1,boring-interesting,osb
0,boring-interesting,osb
-1,boring-interesting,osb
0,boring-interesting,osb
-1,boring-interesting,osb
1,boring-interesting,osb
-1,boring-interesting,osb
-2,boring-interesting,osb
-1,boring-interesting,osb
-1,boring-interesting,osb
-2,boring-interesting,osb
1,boring-interesting,osb
1,boring-interesting,osb
2,boring-interesting,osb
0,boring-interesting,osb
0,boring-interesting,osb
0,boring-interesting,osb
-1,boring-interesting,osb
0,boring-interesting,osb
-1,boring-interesting,osb
0,boring-interesting,osb
-1,boring-interesting,osb
-1,boring-interesting,osb
0,boring-interesting,osb
0,boring-interesting,osb
1,boring-interesting,osb
-2,boring-interesting,osb
-2,boring-interesting,osb
-1,boring-interesting,osb
-2,boring-interesting,osb
1,boring-interesting,osb
1,boring-interesting,osb
-1,boring-interesting,osb
-2,boring-interesting,osb
-1,boring-interesting,osb
0,boring-interesting,osb
-2,boring-interesting,osb
-2,boring-interesting,osb
-1,boring-interesting,osb
0,boring-interesting,osb
-2,boring-interesting,osb
1,boring-interesting,clt
-2,boring-interesting,clt
2,boring-interesting,clt
1,boring-interesting,clt
2,boring-interesting,clt
1,boring-interesting,clt
-2,boring-interesting,clt
1,boring-interesting,clt
-1,boring-interesting,clt
0,boring-interesting,clt
-2,boring-interesting,clt
1,boring-interesting,clt
0,boring-interesting,clt
1,boring-interesting,clt
0,boring-interesting,clt
-2,boring-interesting,clt
0,boring-interesting,clt
-2,boring-interesting,clt
-2,boring-interesting,clt
-1,boring-interesting,clt
2,boring-interesting,clt
0,boring-interesting,clt
1,boring-interesting,clt
1,boring-interesting,clt
1,boring-interesting,clt
-1,boring-interesting,clt
-2,boring-interesting,clt
-1,boring-interesting,clt
-1,boring-interesting,clt
0,boring-interesting,clt
2,boring-interesting,clt
1,boring-interesting,clt
2,boring-interesting,clt
-1,boring-interesting,clt
0,boring-interesting,clt
2,boring-interesting,clt
0,boring-interesting,clt
-2,boring-interesting,clt
0,boring-interesting,clt
-1,boring-interesting,clt
2,boring-interesting,clt
2,boring-interesting,clt
0,boring-interesting,clt
0,boring-interesting,clt
0,boring-interesting,clt
0,boring-interesting,clt
-1,boring-interesting,clt
-2,boring-interesting,clt
2,boring-interesting,clt
-2,boring-interesting,clt
0,boring-interesting,clt
0,boring-interesting,clt
-1,boring-interesting,clt
-1,boring-interesting,clt
-2,boring-interesting,clt
-2,boring-interesting,clt
0,boring-interesting,clt
0,boring-interesting,clt
-1,boring-interesting,clt
-1,boring-interesting,clt
-2,boring-interesting,clt
2,boring-interesting,clt
1,boring-interesting,clt
0,boring-interesting,clt
1,boring-interesting,clt
1,boring-interesting,clt
0,boring-interesting,clt
2,boring-interesting,clt
0,boring-interesting,clt
1,boring-interesting,clt
2,boring-interesting,clt
0,boring-interesting,clt
-1,boring-interesting,clt
0,boring-interesting,clt
-2,boring-interesting,clt
-1,boring-interesting,clt
-1,boring-interesting,clt
0,boring-interesting,clt
1,boring-interesting,clt
2,boring-interesting,clt
0,boring-interesting,clt
-2,boring-interesting,clt
-2,boring-interesting,clt
0,boring-interesting,clt
0,boring-interesting,clt
-1,boring-interesting,clt
-2,boring-interesting,clt
2,boring-interesting,clt
-2,boring-interesting,clt
2,boring-interesting,logwall
2,boring-interesting,logwall
1,boring-interesting,logwall
2,boring-interesting,logwall
1,boring-interesting,logwall
2,boring-interesting,logwall
1,boring-interesting,logwall
1,boring-interesting,logwall
1,boring-interesting,logwall
1,boring-interesting,logwall
1,boring-interesting,logwall
1,boring-interesting,logwall
1,boring-interesting,logwall
1,boring-interesting,logwall
1,boring-interesting,logwall
2,boring-interesting,logwall
0,boring-interesting,logwall
1,boring-interesting,logwall
0,boring-interesting,logwall
2,boring-interesting,logwall
0,boring-interesting,logwall
1,boring-interesting,logwall
2,boring-interesting,logwall
2,boring-interesting,logwall
2,boring-interesting,logwall
0,boring-interesting,logwall
0,boring-interesting,logwall
0,boring-interesting,logwall
1,boring-interesting,logwall
1,boring-interesting,logwall
2,boring-interesting,logwall
2,boring-interesting,logwall
0,boring-interesting,logwall
2,boring-interesting,logwall
2,boring-interesting,logwall
-1,boring-interesting,logwall
2,boring-interesting,logwall
1,boring-interesting,logwall
2,boring-interesting,logwall
1,boring-interesting,logwall
0,boring-interesting,logwall
2,boring-interesting,logwall
2,boring-interesting,logwall
2,boring-interesting,logwall
1,boring-interesting,logwall
1,boring-interesting,logwall
1,boring-interesting,logwall
-1,boring-interesting,logwall
2,boring-interesting,logwall
-1,boring-interesting,logwall
1,boring-interesting,logwall
1,boring-interesting,logwall
2,boring-interesting,logwall
1,boring-interesting,logwall
0,boring-interesting,logwall
-1,boring-interesting,logwall
0,boring-interesting,logwall
2,boring-interesting,logwall
0,boring-interesting,logwall
1,boring-interesting,logwall
2,boring-interesting,logwall
2,boring-interesting,logwall
0,boring-interesting,logwall
2,boring-interesting,logwall
0,boring-interesting,logwall
2,boring-interesting,logwall
2,boring-interesting,logwall
1,boring-interesting,logwall
2,boring-interesting,logwall
1,boring-interesting,logwall
2,boring-interesting,logwall
0,boring-interesting,logwall
2,boring-interesting,logwall
1,boring-interesting,logwall
2,boring-interesting,logwall
0,boring-interesting,logwall
1,boring-interesting,logwall
0,boring-interesting,logwall
2,boring-interesting,logwall
0,boring-interesting,logwall
-1,boring-interesting,logwall
2,boring-interesting,logwall
0,boring-interesting,logwall
0,boring-interesting,logwall
1,boring-interesting,logwall
2,boring-interesting,logwall
1,boring-interesting,logwall
-2,boring-interesting,logwall
1,boring-interesting,logwall
0,boring-interesting,logwall
