accept.mu,screed.alpha,speed,shoes
4.273333333333333,A,100,bare
6.266666666666667,A,80,bare
8.01,A,100,shoe
5.766666666666667,A,80,shoe
4.966666666666667,C,100,bare
7.74,C,80,bare
5.293333333333333,C,100,shoe
5.926666666666666,C,80,shoe
4.693333333333333,H,100,bare
5.123333333333333,H,80,bare
8.813333333333333,H,100,shoe
7.123333333333333,H,80,shoe
4.003333333333334,I,100,bare
4.85,I,80,bare
5.8,I,100,shoe
6.556666666666667,I,80,shoe
9.856666666666666,A,100,bare
9.802518102195062,A,80,bare
9.802518102195062,A,100,shoe
9.802518102195062,A,80,shoe
9.563333333333333,C,100,bare
9.802518102195062,C,80,bare
9.802518102195062,C,100,shoe
8.773333333333333,C,80,shoe
9.636666666666668,H,100,bare
9.933333333333334,H,80,bare
9.31,H,100,shoe
9.802518102195062,H,80,shoe
9.076666666666666,I,100,bare
9.666666666666666,I,80,bare
9.883333333333333,I,100,shoe
9.643333333333333,I,80,shoe
9.02,A,100,bare
9.913333333333334,A,80,bare
9.802518102195062,A,100,shoe
9.802518102195062,A,80,shoe
8.973333333333333,C,100,bare
9.736666666666666,C,80,bare
9.36,C,100,shoe
8.663333333333334,C,80,shoe
8.49,H,100,bare
9.07,H,80,bare
9.696666666666667,H,100,shoe
9.486666666666666,H,80,shoe
6.736666666666666,I,100,bare
7.733333333333333,I,80,bare
9.203333333333331,I,100,shoe
8.716666666666667,I,80,shoe
8.05,A,100,bare
8.876666666666667,A,80,bare
8.576666666666666,A,100,shoe
8.553333333333335,A,80,shoe
7.86,C,100,bare
8.693333333333333,C,80,bare
9.3966666666666665,C,100,shoe
7.8,C,80,shoe
7.9,H,100,bare
8.096666666666668,H,80,bare
8.126666666666667,H,100,shoe
9.05,H,80,shoe
4.133333333333333,I,100,bare
7.52,I,80,bare
7.773333333333333,I,100,shoe
8.246666666666666,I,80,shoe
4.903333333333333,A,100,bare
7.783333333333333,A,80,bare
8.6033333333333335,A,100,shoe
9.206666666666669,A,80,shoe
6.87,C,100,bare
6.1066666666666665,C,80,bare
7.973333333333333,C,100,shoe
6.836666666666667,C,80,shoe
4.15,H,100,bare
5.39,H,80,bare
9.773333333333332,H,100,shoe
8.93,H,80,shoe
1.5,I,100,bare
4.486666666666666,I,80,bare
8.123333333333333,I,100,shoe
9.746666666666666,I,80,shoe
7.203333333333333,A,100,bare
5.95,A,80,bare
7.16,A,100,shoe
7.83,A,80,shoe
5.93,C,100,bare
6.083333333333333,C,80,bare
6.3566666666666665,C,100,shoe
4.386666666666667,C,80,shoe
5.9,H,100,bare
6.486666666666666,H,80,bare
6.316666666666666,H,100,shoe
6.33,H,80,shoe
4.786666666666666,I,100,bare
6.5200000000000005,I,80,bare
6.65,I,100,shoe
6.233333333333333,I,80,shoe
9.366666666666667,A,100,bare
9.802518102195062,A,80,bare
9.802518102195062,A,100,shoe
9.802518102195062,A,80,shoe
9.802518102195062,C,100,bare
9.802518102195062,C,80,bare
9.802518102195062,C,100,shoe
9.802518102195062,C,80,shoe
9.802518102195062,H,100,bare
9.802518102195062,H,80,bare
9.723333333333333,H,100,shoe
9.802518102195062,H,80,shoe
9.216666666666669,I,100,bare
9.802518102195062,I,80,bare
9.802518102195062,I,100,shoe
9.802518102195062,I,80,shoe
2.693333333333334,A,100,bare
6.7700000000000005,A,80,bare
6.71,A,100,shoe
6.793333333333334,A,80,shoe
5.0633333333333335,C,100,bare
4.72,C,80,bare
4.46,C,100,shoe
5.85,C,80,shoe
2.79,H,100,bare
3.873333333333333,H,80,bare
5.386666666666667,H,100,shoe
3.8733333333333335,H,80,shoe
1.336666666666667,I,100,bare
3.0033333333333334,I,80,bare
4.6466666666666665,I,100,shoe
4.766666666666667,I,80,shoe
8.283333333333333,A,100,bare
8.756666666666666,A,80,bare
8.686666666666667,A,100,shoe
9.186666666666667,A,80,shoe
8.66,C,100,bare
8.303333333333333,C,80,bare
8.65,C,100,shoe
8.91,C,80,shoe
8.363333333333333,H,100,bare
8.313333333333333,H,80,bare
8.59,H,100,shoe
8.663333333333334,H,80,shoe
7.243333333333333,I,100,bare
8.19,I,80,bare
8.17,I,100,shoe
9.236666666666666,I,80,shoe
8.503333333333334,A,100,bare
8.99,A,80,bare
8.866666666666667,A,100,shoe
9.283333333333331,A,80,shoe
8.706666666666667,C,100,bare
8.996666666666666,C,80,bare
8.743333333333334,C,100,shoe
8.803333333333333,C,80,shoe
8.34,H,100,bare
8.946666666666667,H,80,bare
9.113333333333332,H,100,shoe
9.093333333333334,H,80,shoe
8.473333333333333,I,100,bare
8.883333333333333,I,80,bare
8.976666666666667,I,100,shoe
8.219999999999999,I,80,shoe
8.506666666666666,A,100,bare
9.113333333333332,A,80,bare
9.216666666666669,A,100,shoe
9.77,A,80,shoe
8.833333333333334,C,100,bare
8.256666666666668,C,80,bare
8.81,C,100,shoe
8.793333333333333,C,80,shoe
7.943333333333333,H,100,bare
8.233333333333333,H,80,bare
8.713333333333333,H,100,shoe
8.846666666666668,H,80,shoe
8.076666666666666,I,100,bare
7.45,I,80,bare
9.236666666666666,I,100,shoe
9.133333333333333,I,80,shoe
7.673333333333333,A,100,bare
7.92,A,80,bare
9.116666666666667,A,100,shoe
8.256666666666666,A,80,shoe
6.583333333333333,C,100,bare
6.466666666666667,C,80,bare
7.553333333333334,C,100,shoe
5.963333333333334,C,80,shoe
6.65,H,100,bare
6.053333333333334,H,80,bare
8.48,H,100,shoe
7.67,H,80,shoe
3.3266666666666667,I,100,bare
5.006666666666667,I,80,bare
7.223333333333334,I,100,shoe
7.863333333333333,I,80,shoe
1.9966666666666664,A,100,bare
3,A,80,bare
6.196666666666666,A,100,shoe
6.966666666666667,A,80,shoe
1.8033333333333337,C,100,bare
1.7633333333333334,C,80,bare
4.576666666666666,C,100,shoe
3.72,C,80,shoe
2.12,H,100,bare
2.5733333333333333,H,80,bare
6.1033333333333335,H,100,shoe
4.986666666666666,H,80,shoe
0.8466666666666666,I,100,bare
1.3233333333333333,I,80,bare
5.25,I,100,shoe
6.223333333333334,I,80,shoe
5.496666666666666,A,80,bare
6.876666666666667,A,100,shoe
7.243333333333333,A,80,shoe
3.836666666666667,C,100,bare
2.3233333333333333,C,80,bare
4.14,C,100,shoe
2.0599999999999996,C,80,shoe
1.47,H,100,bare
0.8066666666666668,H,80,bare
3.4133333333333336,H,100,shoe
2.71,H,80,shoe
0.47,I,100,bare
0.6566666666666667,I,80,bare
3.76,I,100,shoe
3.946666666666667,I,80,shoe
1.5733333333333333,A,100,bare
2.1566666666666667,A,80,bare
1.94,A,100,shoe
1.4333333333333331,A,80,shoe
1.0466666666666666,C,100,bare
0.76,C,80,bare
1.7066666666666668,C,100,shoe
1.1033333333333335,C,80,shoe
0.7533333333333333,H,100,bare
1.83,H,80,bare
2.58,H,100,shoe
2.0866666666666664,H,80,shoe
0.73,I,100,bare
1.26,I,80,bare
1.1,I,100,shoe
2.13,I,80,shoe
3.453333333333333,A,100,bare
7.1433333333333335,A,80,bare
7.843333333333334,A,100,shoe
5.71,A,80,shoe
2.956666666666667,C,100,bare
2.816666666666667,C,80,bare
5.123333333333333,C,100,shoe
5.073333333333333,C,80,shoe
4.3933333333333335,H,100,bare
4.463333333333333,H,80,bare
4.173333333333333,H,100,shoe
4.286666666666666,H,80,shoe
1.39,I,100,bare
4.373333333333333,I,80,bare
4.75,I,100,shoe
4.476666666666667,I,80,shoe
8.2,A,100,bare
8.68,A,80,bare
9.666666666666666,A,100,shoe
9.826666666666666,A,80,shoe
8.363333333333333,C,100,bare
8.916666666666666,C,80,bare
9.483333333333333,C,100,shoe
9.5,C,80,shoe
8.483333333333333,H,100,bare
6.819999999999999,H,80,bare
8.406666666666666,H,100,shoe
8.52,H,80,shoe
5.883333333333333,I,100,bare
7.53,I,80,bare
6.463333333333333,I,100,shoe
8.436666666666667,I,80,shoe
4.723333333333334,A,100,bare
4.073333333333333,A,80,bare
2.3966666666666665,A,100,shoe
2.34,A,80,shoe
5.326666666666666,C,100,bare
4.086666666666667,C,80,bare
3.52,C,100,shoe
4.656666666666666,C,80,shoe
4,H,100,bare
4.316666666666666,H,80,bare
3.48,H,100,shoe
4.01,H,80,shoe
6.87,I,100,bare
5.92,I,80,bare
4.32,I,100,shoe
3.42,I,80,shoe
9.802518102195062,A,100,bare
9.81,A,80,bare
9.933333333333334,A,100,shoe
9.802518102195062,A,80,shoe
9.536666666666669,C,100,bare
9.802518102195062,C,80,bare
9.773333333333332,C,100,shoe
9.426666666666666,C,80,shoe
9.58,H,100,bare
9.802518102195062,H,80,bare
9.802518102195062,H,100,shoe
9.802518102195062,H,80,shoe
9.802518102195062,I,100,bare
9.802518102195062,I,80,bare
9.802518102195062,I,100,shoe
9.802518102195062,I,80,shoe
9.186666666666667,A,100,bare
9.786666666666669,A,80,bare
9.65,A,100,shoe
9.61,A,80,shoe
8.923333333333334,C,100,bare
9.23,C,80,bare
9.623333333333331,C,100,shoe
7.666666666666667,C,80,shoe
8.87,H,100,bare
9.043333333333331,H,80,bare
9.113333333333332,H,100,shoe
9.67,H,80,shoe
7.93,I,100,bare
8.686666666666667,I,80,bare
8.68,I,100,shoe
8.19,I,80,shoe
7.153333333333333,A,100,bare
8.233333333333334,A,80,bare
8.946666666666665,A,100,shoe
9.026666666666667,A,80,shoe
8.303333333333333,C,100,bare
7.949999999999999,C,80,bare
8.57,C,100,shoe
7.210000000000001,C,80,shoe
7.506666666666667,H,100,bare
7.916666666666666,H,80,bare
8.363333333333333,H,100,shoe
8.493333333333334,H,80,shoe
6.236666666666667,I,100,bare
7.113333333333333,I,80,bare
8.366666666666667,I,100,shoe
8.530000000000001,I,80,shoe
4.796666666666667,A,100,bare
5.493333333333333,A,80,bare
8.78,A,100,shoe
6.573333333333333,A,80,shoe
3.923333333333334,C,100,bare
5.173333333333334,C,80,bare
3.353333333333333,C,100,shoe
5.8533333333333335,C,80,shoe
5.996666666666666,H,100,bare
6.236666666666666,H,80,bare
7.673333333333334,H,100,shoe
8.5,H,80,shoe
1.5533333333333332,I,100,bare
3.19,I,80,bare
5.449999999999999,I,100,shoe
5.49,I,80,shoe
7.12,A,100,bare
8.799999999999999,A,80,bare
5.32,A,100,shoe
9.3,A,80,shoe
8.053333333333333,C,100,bare
8.193333333333333,C,80,bare
8.473333333333333,C,100,shoe
8.166666666666668,C,80,shoe
5.433333333333334,H,100,bare
5.52,H,80,bare
8.723333333333333,H,100,shoe
8.55,H,80,shoe
5.84,I,100,bare
7.84,I,80,bare
8.11,I,100,shoe
9.303333333333333,I,80,shoe
7.113333333333333,A,100,bare
9.606666666666667,A,80,bare
9.443333333333332,A,100,shoe
9.276666666666666,A,80,shoe
8.086666666666666,C,100,bare
7.423333333333334,C,80,bare
8.676666666666666,C,100,shoe
8.2,C,80,shoe
7.43,H,100,bare
8.553333333333333,H,80,bare
9.236666666666666,H,100,shoe
8.403333333333332,H,80,shoe
5,I,100,bare
5.59,I,80,bare
5.443333333333333,I,100,shoe
5.8533333333333335,I,80,shoe
4.68,A,100,bare
9.5,A,100,shoe
9.17,A,80,shoe
7.646666666666667,C,100,bare
5.49,C,80,bare
8.975,C,100,shoe
7.67,C,80,shoe
3.466666666666667,H,100,bare
6.123333333333333,H,80,bare
8.595,H,100,shoe
9.063333333333333,H,80,shoe
1.47,I,100,bare
4.81,I,80,bare
9.053333333333333,I,100,shoe
9.193333333333332,I,80,shoe
9.38,A,100,bare
9.783333333333331,A,80,bare
9.69,A,100,shoe
9.776666666666667,A,80,shoe
9.656666666666666,C,100,bare
9.736666666666666,C,80,bare
9.913333333333334,C,100,shoe
8.6466666666666665,C,80,shoe
9.63,H,100,bare
9.556666666666668,H,80,bare
9.976666666666668,H,100,shoe
9.686666666666667,H,80,shoe
8.023333333333333,I,100,bare
9.1,I,80,bare
9.556666666666668,I,100,shoe
9.826666666666666,I,80,shoe
3.8,A,100,bare
7.573333333333333,A,80,bare
6.333333333333333,A,100,shoe
9.802518102195062,A,80,shoe
5.753333333333333,C,100,bare
5.793333333333333,C,80,bare
8.4,C,100,shoe
4.916666666666667,C,80,shoe
4.36,H,100,bare
5.34,H,80,bare
9.093333333333334,H,100,shoe
9.802518102195062,H,80,shoe
1.4,I,100,bare
3.6333333333333337,I,80,bare
9.346666666666666,I,100,shoe
7.266666666666667,I,80,shoe
9.565,A,100,bare
9.565,A,80,bare
9.48,A,80,shoe
9.52,C,100,bare
9.403333333333332,C,80,bare
9.8,C,100,shoe
9.395,C,80,shoe
9.125,H,100,bare
9.373333333333331,H,80,bare
9.22,H,100,shoe
9.555,H,80,shoe
9.05,I,100,bare
9.623333333333331,I,100,shoe
9.44,I,80,shoe
1.31,A,100,bare
0.7200000000000001,A,80,bare
1.153333333333333,A,100,shoe
2.6266666666666665,A,80,shoe
2.1133333333333333,C,100,bare
1.336666666666667,C,80,bare
2.986666666666667,C,100,shoe
1.4733333333333334,C,80,shoe
2.243333333333333,H,100,bare
3.96,H,80,bare
1.46,H,100,shoe
2.34,H,80,shoe
3.7,I,100,bare
1.5433333333333334,I,80,bare
2.2733333333333334,I,100,shoe
1.1433333333333335,I,80,shoe
5.253333333333333,A,100,bare
6.3,A,80,bare
8.606666666666666,A,100,shoe
7.206666666666667,A,80,shoe
5.716666666666667,C,100,bare
5.326666666666667,C,80,bare
6.453333333333333,C,100,shoe
6.993333333333333,C,80,shoe
4.666666666666667,H,100,bare
6.673333333333333,H,80,bare
7.306666666666667,H,100,shoe
6.683333333333334,H,80,shoe
4.496666666666666,I,100,bare
4.756666666666667,I,80,bare
5.61,I,100,shoe
5.609999999999999,I,80,shoe
7.276666666666666,A,100,bare
8.066666666666666,A,80,bare
9.376666666666669,A,100,shoe
7.876666666666666,A,80,shoe
7.333333333333333,C,100,bare
7.57,C,80,bare
8.42,C,100,shoe
6.8966666666666665,C,80,shoe
7.726666666666667,H,100,bare
7.45,H,80,bare
9.123333333333331,H,100,shoe
9.356666666666667,H,80,shoe
4.766666666666667,I,100,bare
6.456666666666666,I,80,bare
8.326666666666666,I,100,shoe
8.483333333333333,I,80,shoe
4.42,A,100,bare
6.38,A,80,bare
7.456666666666666,A,100,shoe
7,A,80,shoe
5.1433333333333335,C,100,bare
6.776666666666667,C,80,bare
6.5600000000000005,C,100,shoe
6.236666666666666,C,80,shoe
3.19,H,100,bare
5.06,H,80,bare
7.1000000000000005,H,100,shoe
7.109999999999999,H,80,shoe
3.8233333333333337,I,100,bare
4.22,I,80,bare
5.716666666666667,I,100,shoe
8.456666666666667,I,80,shoe
2.21,A,100,bare
3.27,A,80,bare
4.28,A,100,shoe
3.9533333333333336,A,80,shoe
4.956666666666667,C,100,bare
3.786666666666666,C,80,bare
3.37,C,100,shoe
3.2266666666666666,C,80,shoe
2.18,H,100,bare
2.24,H,80,bare
4.5,H,100,shoe
4.1,H,80,shoe
1.9866666666666668,I,100,bare
0.9,I,80,bare
3.4133333333333336,I,100,shoe
3.713333333333334,I,80,shoe
3.11,A,100,bare
4.26,A,80,bare
7.89,A,100,shoe
6.57,A,80,shoe
3.9366666666666665,C,100,bare
3.4299999999999997,C,80,bare
5.476666666666667,C,100,shoe
4.19,C,80,shoe
2.6133333333333333,H,100,bare
4.046666666666667,H,80,bare
5.12,H,100,shoe
4.34,H,80,shoe
2.58,I,100,bare
2.9,I,80,bare
5.203333333333333,I,100,shoe
6.483333333333333,I,80,shoe
7.766666666666667,A,100,bare
8.41,A,80,bare
9.54,A,100,shoe
9.68,A,80,shoe
7.543333333333333,C,100,bare
8.473333333333333,C,80,bare
9.263333333333334,C,100,shoe
9.133333333333333,C,80,shoe
5.753333333333334,H,100,bare
7.873333333333334,H,80,bare
9.503333333333334,H,100,shoe
9.273333333333332,H,80,shoe
5.029999999999999,I,100,bare
6.35,I,80,bare
8.773333333333333,I,100,shoe
8.323333333333334,I,80,shoe
4.513333333333334,A,100,bare
7.37,A,80,bare
8.726666666666667,A,100,shoe
8.776666666666667,A,80,shoe
5.496666666666666,C,100,bare
7.236666666666666,C,80,bare
8.620000000000001,C,100,shoe
7.1899999999999995,C,80,shoe
6.993333333333333,H,100,bare
5.91,H,80,bare
8.476666666666667,H,100,shoe
8.27,H,80,shoe
5.023333333333333,I,100,bare
5.623333333333334,I,80,bare
6.163333333333333,I,100,shoe
7.643333333333333,I,80,shoe
4.753333333333334,A,100,bare
6.57,A,80,bare
9.08,A,100,shoe
8.959999999999999,A,80,shoe
5.006666666666667,C,100,bare
6.21,C,80,bare
7.796666666666667,C,100,shoe
5.34,C,80,shoe
5.1066666666666665,H,100,bare
5.056666666666667,H,80,bare
6.776666666666666,H,100,shoe
7.783333333333333,H,80,shoe
2.5933333333333333,I,100,bare
4.683333333333334,I,80,bare
6.57,I,100,shoe
7.686666666666667,I,80,shoe
2.6,A,100,bare
5.13,A,80,bare
9.802518102195062,A,100,shoe
7.886666666666667,A,80,shoe
3.453333333333333,C,100,bare
5.043333333333333,C,80,bare
3.85,C,100,shoe
5.02,C,80,shoe
3.1533333333333333,H,100,bare
7.253333333333334,H,80,bare
4.673333333333334,H,100,shoe
4.876666666666667,H,80,shoe
2,I,100,bare
3.06,I,80,bare
4.9366666666666665,I,100,shoe
6.34,I,80,shoe
7.79,A,100,bare
8.633333333333333,A,80,bare
9.803333333333333,A,100,shoe
9.753333333333334,A,80,shoe
8.176666666666666,C,100,bare
8.066666666666666,C,80,bare
9.403333333333334,C,100,shoe
8.423333333333334,C,80,shoe
7.293333333333333,H,100,bare
7.96,H,80,bare
9.28,H,100,shoe
9.653333333333332,H,80,shoe
5.816666666666666,I,100,bare
7.013333333333334,I,80,bare
8.7,I,100,shoe
9.316666666666666,I,80,shoe
0.6533333333333333,A,100,bare
0.5333333333333333,A,80,bare
0.39666666666666667,A,100,shoe
0.53,A,80,shoe
0.42666666666666664,C,100,bare
0.5733333333333334,C,80,bare
0.4433333333333333,C,100,shoe
0.31,C,80,shoe
0.3066666666666667,H,100,bare
0.6633333333333333,H,80,bare
0.5066666666666667,H,100,shoe
0.58,H,80,shoe
0.42333333333333334,I,100,bare
0.4866666666666667,I,80,bare
0.45666666666666667,I,100,shoe
0.4666666666666667,I,80,shoe
9.802518102195062,A,100,bare
9.802518102195062,A,80,bare
9.802518102195062,A,100,shoe
9.802518102195062,A,80,shoe
9.802518102195062,C,100,bare
9.802518102195062,C,80,bare
9.802518102195062,C,100,shoe
9.802518102195062,C,80,shoe
9.802518102195062,H,100,bare
9.802518102195062,H,80,bare
9.802518102195062,H,100,shoe
9.802518102195062,H,80,shoe
9.802518102195062,I,100,bare
9.802518102195062,I,80,bare
9.802518102195062,I,100,shoe
9.802518102195062,I,80,shoe
4.846666666666667,A,100,bare
8.1466666666666665,A,80,bare
8.873333333333333,A,100,shoe
9.05,A,80,shoe
5.906666666666666,C,100,bare
5.966666666666667,C,80,bare
7.246666666666667,C,100,shoe
7.68,C,80,shoe
4.523333333333333,H,100,bare
6.99,H,80,bare
7.723333333333334,H,100,shoe
6.043333333333333,H,80,shoe
2.443333333333334,I,100,bare
3.9566666666666666,I,80,bare
6.52,I,100,shoe
7.11,I,80,shoe
5.253333333333334,A,100,bare
7.513333333333334,A,80,bare
7.813333333333333,A,100,shoe
6.236666666666666,A,80,shoe
7.363333333333333,C,100,bare
7.536666666666667,C,80,bare
8.076666666666666,C,100,shoe
7.63,C,80,shoe
6.82,H,100,bare
7.02,H,80,bare
7.58,H,100,shoe
7.86,H,80,shoe
6.36,I,100,bare
6.336666666666667,I,80,bare
4.913333333333333,I,100,shoe
6.416666666666667,I,80,shoe
6.306666666666667,A,100,bare
7.813333333333333,A,80,bare
7.96,A,100,shoe
9.266666666666666,A,80,shoe
4.79,C,100,bare
3.67,C,80,bare
5.916666666666666,C,100,shoe
5.926666666666666,C,80,shoe
3.89,H,100,bare
4.026666666666666,H,80,bare
6.65,H,100,shoe
7.486666666666666,H,80,shoe
1.5366666666666666,I,100,bare
4.446666666666666,I,80,bare
6.376666666666667,I,100,shoe
9.433333333333334,I,80,shoe
1.12,A,100,bare
3.88,A,80,bare
4.78,A,100,shoe
4.319999999999999,A,80,shoe
0.38,C,100,bare
1.346666666666667,C,80,bare
2.763333333333333,C,100,shoe
4.086666666666667,C,80,shoe
2.716666666666667,H,100,bare
1.143333333333333,H,80,bare
4.683333333333334,H,100,shoe
3.9,H,80,shoe
0.24,I,100,bare
0.32666666666666666,I,80,bare
0.38,I,100,shoe
0.29000000000000004,I,80,shoe
6.17,A,100,bare
7.963333333333334,A,80,bare
9.606666666666666,A,100,shoe
9.673333333333334,A,80,shoe
8.676666666666666,C,100,bare
7.526666666666667,C,80,bare
9.193333333333332,C,100,shoe
7.843333333333334,C,80,shoe
6.93,H,100,bare
7.9,H,80,bare
9.226666666666668,H,100,shoe
9.206666666666669,H,80,shoe
4.6866666666666665,I,100,bare
6.023333333333333,I,80,bare
7.616666666666666,I,100,shoe
6.913333333333333,I,80,shoe
7.433333333333334,A,100,bare
8.393333333333333,A,80,bare
9.666666666666666,A,100,shoe
9.673333333333334,A,80,shoe
6.526666666666666,C,100,bare
8.1,C,80,bare
9.116666666666667,C,100,shoe
7.876666666666667,C,80,shoe
7.386666666666667,H,100,bare
8.266666666666667,H,80,bare
9.4,H,100,shoe
9.436666666666667,H,80,shoe
4.8966666666666665,I,100,bare
6.136666666666667,I,80,bare
8.8966666666666665,I,100,shoe
9.033333333333331,I,80,shoe
9.07,A,100,bare
8.996666666666666,A,80,bare
7.333333333333333,A,100,shoe
8.583333333333334,A,80,shoe
8.6466666666666665,C,100,bare
8.07,C,80,bare
7.806666666666667,C,100,shoe
7.853333333333333,C,80,shoe
7.943333333333333,H,100,bare
8.916666666666666,H,80,bare
7.993333333333333,H,100,shoe
8.793333333333333,H,80,shoe
7.13,I,100,bare
7.013333333333334,I,80,bare
5.8133333333333335,I,100,shoe
4.996666666666667,I,80,shoe
6.373333333333333,A,100,bare
8.92,A,80,bare
9.97,A,100,shoe
8.97,A,80,shoe
9.12,C,100,bare
9.183333333333334,C,80,bare
9.23,C,100,shoe
7.083333333333333,C,80,shoe
7.71,H,100,bare
9.2,H,80,bare
9.76,H,100,shoe
9.576666666666666,H,80,shoe
1.8633333333333333,I,100,bare
3.806666666666666,I,80,bare
4.19,I,100,shoe
3.74,I,80,shoe
6.243333333333333,A,100,bare
7.87,A,80,bare
7.686666666666667,A,100,shoe
7.716666666666667,A,80,shoe
7.63,C,100,bare
7.493333333333333,C,80,bare
7.88,C,100,shoe
7.013333333333334,C,80,shoe
7.383333333333333,H,100,bare
7.576666666666666,H,80,bare
7.88,H,100,shoe
7.636666666666667,H,80,shoe
6.423333333333333,I,100,bare
7.033333333333333,I,80,bare
7.583333333333333,I,100,shoe
7.21,I,80,shoe
6.486666666666666,A,100,bare
8.333333333333334,A,80,bare
8.81,A,100,shoe
9.53,A,80,shoe
7.94,C,100,bare
7.056666666666667,C,80,bare
8.066666666666666,C,100,shoe
6.1433333333333335,C,80,shoe
5.9366666666666665,H,100,bare
6.806666666666667,H,80,bare
7.82,H,100,shoe
9.49,H,80,shoe
4.916666666666667,I,100,bare
5.653333333333333,I,80,bare
6.306666666666667,I,100,shoe
7.613333333333333,I,80,shoe
